nep4 3 B N Ni 
cutoff 6 5 100 64
n_max 8 8
basis_size 8 8
l_max 4 2 0
ANN 32 0
  6.0816072e-03
 -7.8478502e-04
 -6.8892189e-04
  4.4773400e-04
  3.7596361e-05
  6.0381653e-04
 -6.0997512e-03
 -6.5771826e-05
 -1.4420256e-03
 -2.5565459e-03
 -4.1954359e-03
  6.4475014e-04
 -1.8360663e-03
  1.3738849e-03
  2.4773730e-02
  1.5765035e-03
  1.2870929e-03
  9.6795091e-04
 -1.3931862e-03
  4.4328702e-04
 -4.4345687e-04
 -1.9567062e-03
  1.4494713e-03
  3.0013006e-03
  7.4692437e-04
  4.4237362e-04
 -6.6462704e-03
  3.4023086e-03
  7.6498175e-03
  3.0530454e-04
  3.5918816e-03
 -8.6955033e-04
 -8.4738964e-03
  4.0417447e-04
  7.3760431e-03
 -1.1170161e-01
  5.0490670e-04
  4.5474195e-03
  3.4387133e-03
 -1.1805270e-03
 -1.6755518e-03
  1.5522165e-03
  5.8238150e-04
 -1.1649735e-03
  7.5882900e-04
 -1.3939558e-03
 -6.5027140e-03
  4.0875976e-03
 -1.2679900e-04
 -2.3874757e-03
 -3.1597621e-03
  2.5737137e-04
  1.2646063e-03
  2.5126671e-03
 -1.4007456e-03
 -7.5664406e-04
 -1.1450037e-03
 -3.8774912e-03
 -1.0479313e-03
  2.0477411e-03
  1.2019651e-03
  9.9007483e-04
  1.0958029e-04
  4.9596736e-03
  1.2621830e-02
 -1.2715340e-03
  1.8443178e-03
  2.9078650e-03
  2.3783480e-03
  2.9984543e-03
  9.5868984e-04
  1.4026564e-03
 -2.7661959e-03
  8.3107845e-04
 -3.5232600e-02
  1.4636409e-03
 -1.4605969e-06
 -1.2014485e-03
 -1.2383444e-03
  3.4078313e-03
 -3.4808670e-03
  4.0560670e-04
 -8.5240379e-03
 -3.7135500e-03
  1.1752613e-03
  1.7176858e-03
  2.1583219e-03
  1.6607026e-02
  8.9384732e-04
 -1.6450074e-03
  1.4752304e-03
 -5.2713165e-03
 -1.8869201e-04
  1.9402225e-03
 -3.0378699e-03
  9.0911950e-04
 -1.6036365e-03
  8.1470615e-05
  4.0045427e-03
  3.4218791e-03
  3.9637135e-03
 -5.7384115e-02
 -2.6082206e-03
 -4.7300891e-06
 -4.0250434e-05
  1.0979733e-03
 -4.4513848e-03
  1.8801169e-03
 -1.3212835e-03
  7.7367300e-04
  1.0250410e-03
 -1.4592231e-04
 -1.6506742e-03
  8.8374648e-04
 -4.7527297e-04
 -7.9620269e-04
 -1.3732701e-03
 -1.0084788e-02
  2.6235767e-03
  1.5996108e-03
  2.2288521e-03
 -1.0705843e-05
  3.6926214e-03
  2.8887438e-03
 -5.4836944e-03
 -2.5641646e-03
 -3.7714909e-04
  7.1899980e-02
 -1.5968248e-03
 -1.1164694e-03
 -5.5966022e-05
 -2.9110340e-03
  1.6556573e-03
  3.5937608e-03
 -4.8978714e-04
 -1.3258614e-06
  1.3292858e-03
  2.1048894e-03
 -3.9868830e-03
 -7.4838253e-04
 -1.6949934e+00
  1.6996921e-03
  1.1186383e-01
 -7.4141389e-03
  2.5732936e-03
 -1.8265254e-03
  1.9277685e-03
  5.8085374e-03
  1.1559263e-01
 -2.2906950e-03
  7.6522138e-03
  3.3444539e-03
  6.7212927e-04
 -4.0115057e-03
 -3.4972199e-04
 -7.7960879e-04
 -4.5906068e-03
  1.7352335e-03
  1.7436654e-03
  1.0040213e-03
 -5.3137597e-03
 -2.5227890e-04
 -1.3829082e-03
 -2.2361454e-01
 -3.3021640e-04
 -4.1695014e-02
 -2.9155177e-03
 -5.4033706e-04
  1.3285765e-01
 -2.2502808e-04
 -4.3667865e-01
 -8.1226319e-02
 -6.7943055e-04
  2.5756842e-01
 -2.1897627e-03
 -1.0657292e-02
 -2.9132187e-01
  1.8599166e-02
  1.3394172e-03
  5.3998730e-03
 -2.7887825e-02
 -1.0658392e-02
  1.1399677e-02
 -2.1319478e+00
 -5.4240520e-03
 -3.8406597e-03
  2.7234587e-01
  3.4883900e-03
  8.3098086e-03
  4.8099385e-04
  7.7544395e-03
  2.5009429e-01
  6.6374679e-04
 -8.1754373e-03
  1.2425792e-03
  1.6005153e-03
  1.2620291e-01
 -1.0729635e-03
 -2.6931358e-03
 -2.6362042e-03
  5.3795837e-02
 -1.9480578e-03
  9.3603431e-04
  9.1029581e-04
  2.4031045e-02
  5.5895052e-03
  2.4288704e-04
 -8.4208157e-05
 -4.9201941e-01
 -3.3511487e-03
 -7.9349062e-04
  5.3229113e-03
  1.2786089e-03
 -6.6468315e-03
 -7.0578110e-04
  8.1286468e-03
  4.5876224e-03
 -4.2966440e-01
 -3.7851671e-03
 -2.6063170e-04
  2.3124872e-03
  1.1675708e-03
  5.1976843e-03
  4.3331939e-03
 -5.8807909e-01
  1.2550036e-03
 -1.9296981e-01
 -1.5340182e-01
  1.6522108e-04
  4.9626376e-03
 -4.7267921e-04
  1.1243231e-03
 -1.6048686e-01
 -8.1336703e-03
  7.8778751e-03
 -1.0369062e-02
 -4.3641347e-02
  5.7693021e-03
  2.2395505e-03
 -8.6451441e-02
 -3.5252103e-03
 -1.8258277e-02
 -3.9826133e-03
  6.4052013e-04
  2.5464620e-02
 -6.3386537e-02
  4.1346373e-03
 -3.9147818e-03
  1.4330264e-02
  7.3352796e-01
  3.0419281e-01
  7.9147905e-02
  5.3110858e-04
  1.5368970e-02
 -4.0729851e-03
 -1.4919494e-03
  1.4844078e-03
 -1.7140519e-03
 -2.4990188e-03
 -4.2694610e-02
 -8.6880883e-04
  3.6987073e-03
  1.3137180e-02
 -1.2405618e-03
  2.4834801e-03
 -1.8654597e-03
  8.2345707e-03
 -1.7026124e-03
  5.9396100e-01
 -7.2707064e-03
  1.7158124e-03
 -3.2395723e-03
  1.2375045e-03
  1.9315375e-03
  5.2261795e-03
  2.5774599e-03
 -8.7706378e-04
 -2.6277883e-03
  7.1131974e-04
 -6.6121439e-03
  1.1074280e-03
 -4.6631675e-03
 -5.3492578e-04
  8.8795763e-04
 -9.1617135e-03
 -2.1843005e-03
 -4.6598725e-03
  7.3398615e-04
 -5.2510374e-03
  5.6211808e-05
  1.1940991e-03
 -1.0245692e-02
  2.2196714e-03
  9.8148012e-05
  2.6346599e-03
  2.4107846e-03
  5.9703630e-03
 -3.0007213e-03
 -1.8387253e-03
  7.1086717e-04
  2.0876748e-03
 -3.3618843e-03
  3.0609916e-03
  2.3638259e-03
  5.4714400e-03
 -9.1766572e-04
 -4.1767703e-03
  1.1672635e-02
  1.7808260e-03
  2.6497229e-03
  3.2516089e-03
 -2.2733009e-03
 -5.3542131e-03
  2.2648161e-04
  7.2642451e-04
  3.8240204e-04
  3.0498960e-04
  3.1252301e-03
 -5.9802888e-04
  3.7617102e-04
 -3.4242333e-03
  1.4665480e-03
  3.9890292e-03
 -4.7591704e-04
  1.9647356e-03
  1.1759863e-03
  1.5332006e-04
  4.5736358e-03
 -5.1628170e-04
  9.6769020e-04
  2.6273301e-03
  4.4612624e-03
  1.0569973e-02
 -1.2484805e-03
 -4.3344931e-03
 -1.3057198e-03
 -3.1679273e-03
 -6.3284405e-04
  9.1040344e-04
  1.5924227e-03
  5.0993632e-03
 -1.5406096e-03
  2.2806929e-04
  2.2215142e-03
 -4.3741539e-03
 -1.1121656e-03
 -1.1769021e-02
 -8.6608669e-03
  4.0504332e-03
 -5.6343256e-03
 -2.5651399e-03
  1.1762203e-02
 -2.4560078e-03
 -4.3921862e-03
  7.8148628e-04
  1.5185842e-03
  1.1854863e-03
  3.5236343e-03
  1.0976566e-03
 -6.8475999e-04
  1.5443038e-03
 -4.0911832e-03
 -2.3657784e-03
  6.6422927e-04
  3.3828600e-03
 -5.8323616e-04
  4.6102037e-03
 -3.5479930e-04
 -6.5871133e-03
 -7.6458987e-04
  7.8960694e-04
  2.9898731e-03
 -2.7171872e-03
  4.8562986e-04
 -4.4547554e-04
  6.8728849e-03
  9.4124386e-03
 -6.8463902e-05
 -1.2528886e-02
 -3.7169261e-04
 -7.2725239e-04
 -6.9217603e-03
 -9.6793614e-05
 -1.4990742e-03
 -2.9070240e-03
  6.6939258e-04
 -6.2182010e-03
  1.4702760e-03
  2.3704661e-01
  2.0921448e-02
  9.2308939e-04
  5.6247581e-03
 -2.7060750e-04
  1.0457333e-03
  6.0258480e-03
  4.2437655e-03
 -1.8796325e-03
 -3.0010255e-05
  3.1613926e-03
  6.4179214e-05
  3.9970451e-03
  2.3487999e-04
  2.5191903e-03
  2.9347355e-03
  5.2965144e-03
 -1.9169822e-03
 -1.7811523e-06
  7.7678938e-03
 -6.7209221e-02
 -1.0811926e-03
 -1.0892624e-01
 -2.9031652e-01
 -2.9992551e-01
 -4.8903879e-02
  5.0059200e-04
 -5.2964117e-02
  7.1380576e-03
  7.6254741e-03
 -1.4512076e-03
 -2.0725360e-04
  1.9965491e-04
 -4.0378756e-04
 -4.6339524e-03
 -4.3810884e-04
 -3.2668258e-03
 -1.7531365e-06
 -2.5307279e-04
 -2.8455509e-03
 -6.2748105e-03
  3.1111492e-03
 -1.0357120e-02
  3.1079322e-03
  8.3549682e-04
  3.0395077e-03
  2.3278133e-03
 -4.0063895e-03
  3.0094341e-03
  4.0476401e-03
 -4.4065458e-04
  2.8782596e-03
  2.1113353e-04
  2.1129681e-03
  1.1977929e-04
  2.7293395e-03
  7.6654472e-04
 -4.6254415e-03
 -1.4239217e-03
  5.0410541e-04
 -7.4666568e-05
  4.3807500e-03
  6.1690314e-03
  3.0871300e-04
  1.4313167e-02
  4.3943934e-03
 -2.6640205e-03
  7.0566079e-04
 -2.0567984e-03
  9.0134731e-03
  6.7752606e-04
 -4.4316668e-03
  7.9663889e-03
 -1.2740957e-03
  1.6753852e-03
 -8.6888735e-04
  1.0377403e-04
 -2.4431115e-03
  4.7436031e-03
  5.3262326e-04
  1.1036501e-04
  1.5403200e-03
 -5.1198755e-03
  7.9326064e-04
  1.3470458e-04
  8.0975128e-04
  1.1409236e-03
  3.6412694e-03
 -5.2859583e-03
  3.0850829e-03
 -9.0032193e-04
  3.1881782e-06
 -1.7802825e-02
  5.9004445e-03
 -1.3701321e-02
 -2.9838565e-03
  2.1345485e-03
 -1.1451932e-03
  1.6763918e-03
 -2.1716170e-03
 -2.6983244e-03
 -4.8751626e-03
  7.3170159e-03
 -2.2963660e-03
  6.3767559e-03
  1.0512124e-03
 -3.7248117e-01
  2.6778227e-03
 -2.3131259e-02
 -7.2418656e-03
 -6.2891939e-03
 -3.1095713e-03
  1.0992271e-02
  9.0821609e-02
 -5.6653265e-03
  2.2802155e-03
 -5.8866752e-04
  4.1072257e-03
  1.5778744e-04
  6.1973301e-04
 -2.5435644e-03
 -2.2778367e-03
  1.0726382e-02
 -1.3456310e-01
 -5.3189909e-03
  1.0326140e-04
 -6.6290522e-04
 -1.1030138e-02
  3.4093652e-02
  1.8750078e-03
 -1.0877494e-01
  4.0905431e-04
 -2.0210097e+00
  6.0259076e-03
 -1.9019028e-03
 -2.6507434e-03
  6.7393063e-04
 -9.3160309e-03
 -2.4057513e-03
  2.5274258e-03
 -1.6384654e-03
 -5.6898123e-01
 -2.0884899e-03
 -3.1927554e-03
 -1.7107270e-03
 -1.7690441e-03
  5.6723855e-03
 -6.2956982e-03
  2.8494888e-04
  3.8981619e-03
  1.4550111e-02
  2.8730193e-03
  3.7467177e-03
  1.9610797e-03
 -1.4940557e-03
  2.6732939e-03
  2.5733643e+00
 -2.1783335e-03
  6.0724136e-03
 -1.9723091e-03
 -7.2201735e-01
  5.2751391e-03
  1.3354092e-04
  4.2261085e-03
  1.1395902e-03
  1.1887023e-03
  5.9682271e-03
 -5.6851085e-04
 -1.2799490e-03
  8.2843984e-04
 -8.5159028e-03
  5.9129973e-03
  3.8788427e-04
  3.5846600e-04
 -1.0859484e-03
  8.6368117e-03
  8.4617296e-03
  2.0507736e-02
 -2.5510241e-03
 -1.3118623e-03
 -1.7410021e-04
  1.0138206e-03
 -5.7324362e-03
 -2.1121448e-03
  1.0417941e-04
 -1.0488382e-01
 -3.3013620e-03
  3.8583449e-03
 -2.4946723e-03
  2.0472631e-03
 -8.0127263e-04
 -1.0961692e-03
 -7.0441201e-02
  9.1717616e-03
  9.3682529e-03
  2.6039043e-01
 -1.5171226e-03
 -8.9613319e-04
  3.7235492e-03
 -7.3179093e-05
 -1.2449833e-03
  2.9588798e-03
  3.1725451e-06
 -2.9922387e-04
 -5.2796337e-03
  1.6534000e-03
 -1.2477114e-03
  7.4485296e-01
  2.4978518e-01
 -1.9121356e-01
  5.1785439e-01
 -2.1468376e-01
 -4.5943403e-01
  2.1604875e-01
 -4.3193829e-01
  5.5773103e-01
  1.9663641e-01
 -1.0802181e+00
 -2.1394087e-01
 -3.5428169e-01
  1.6494911e+00
 -2.7656341e-01
  9.1001675e-02
 -2.5168872e-01
  3.1380054e-01
 -1.6549689e-01
 -1.4802192e-01
  2.8534618e-03
 -4.5192918e-01
  4.8080057e-01
  4.7897491e-01
  1.1057965e+00
 -3.3562380e-01
  1.9599643e-01
 -1.7232695e-01
 -3.5208440e-01
 -6.9369092e-03
 -1.3522530e-03
 -3.4147319e-01
  1.9580243e+00
 -3.0255732e-03
  1.1283372e-01
  3.4317192e-01
  8.6805299e-02
 -8.4172297e-01
 -4.4476027e-03
 -1.1651109e-01
  2.5989691e-02
  3.4532708e-01
  8.6668581e-02
  1.9253759e-01
 -1.2906914e-05
  4.0299055e-01
 -1.7584891e-03
  2.9443398e-02
  1.8431237e-01
 -3.8636416e-02
 -3.3647406e-01
  1.8610764e+00
 -6.9307722e-03
  2.7296145e-03
  1.4933338e-03
  2.2418634e-03
 -5.9428037e-04
  8.2792348e-04
 -1.8421488e-04
 -2.3355770e-04
 -1.7942246e-03
 -1.2007647e-02
 -1.1341304e-03
 -9.0041163e-04
 -2.0330320e-03
  2.4432596e-03
  3.2938798e-03
  6.0044443e-03
 -1.8716900e-03
  1.9340294e-04
 -6.3677407e-03
  8.8090244e-05
 -1.6456645e-03
 -5.9097161e-04
 -1.9808989e-03
  8.2803768e-04
 -5.7036411e-03
 -2.8733231e-04
  1.1734385e+00
 -1.3268323e-04
 -8.3633972e-04
 -5.0109434e-03
 -6.4117019e-03
 -2.9963269e-03
  4.7021313e-03
 -2.1750100e-03
  1.8701258e-03
 -6.6090586e-05
  1.5770216e-02
  3.5735783e-03
 -7.8306552e-03
  1.6329406e-03
 -7.0452509e-03
  4.1340538e-03
 -1.0688256e-03
 -2.6771752e-03
 -1.5681593e-03
 -1.9507081e-03
  5.0717206e-03
  5.8067515e-03
 -1.8291796e-03
 -1.7221587e-03
  1.2511959e-03
 -8.7978243e-04
 -4.2540319e-03
  3.0537269e-01
 -1.6457392e-03
 -6.7486305e-04
 -7.6111024e-03
 -2.1988079e-01
 -3.4152283e-03
 -1.2374200e+00
 -2.5150287e-03
  2.0569319e-02
  1.3508859e-05
 -2.4823482e-01
 -6.4921923e-02
 -4.3057239e-01
  7.9446924e-01
 -8.6447060e-02
  4.6142167e-03
 -4.5163926e-02
  4.8690870e-01
  1.7664766e-01
  5.3885013e-01
 -2.8459884e-03
  1.3159869e+00
  2.1551159e-01
 -1.1040007e-04
 -4.7555710e-03
 -3.0669570e-01
  4.6290128e-04
 -7.2386330e-01
 -2.9799012e-03
  8.7724515e-04
  6.9041401e-02
  6.3481456e-01
 -6.3160760e-04
 -2.0135605e-01
 -9.0483621e-02
  1.0431411e+00
 -2.2701329e-02
  3.1658870e-01
 -2.4027536e-02
  7.3619373e-02
  2.7114525e-01
  3.3174499e-03
 -6.0913013e-03
  3.5808289e-01
  2.7413124e-01
 -2.1519062e-01
 -6.2187994e-03
 -4.2674737e-03
  1.0633107e+00
  5.6944648e-03
 -2.5955786e-04
 -2.0766670e-03
 -5.2797627e-02
  1.7681336e-02
  1.5213317e+00
  2.3943675e-03
  1.0944492e-03
  1.9206987e-03
 -4.9194647e-03
 -2.7361214e-03
 -1.2736925e-03
  4.9634912e-04
  1.5415790e-02
 -2.0880855e-03
 -5.8143032e-01
 -3.8910985e-03
  2.6881811e-04
  4.1052760e-03
 -7.2051631e-04
  8.4611773e-03
  6.0977001e-02
  2.0352865e-03
  2.1443935e-03
  1.3874619e-05
 -4.7151321e-03
  1.7879468e-01
  1.7153239e-02
  2.2823883e-03
  1.5077027e-04
  1.1083462e-03
  1.2108108e-03
  1.7607838e-02
  6.6326126e-03
  3.1589495e-03
  3.6752287e-03
  6.7963137e-04
 -1.0153711e-02
 -1.3519250e-03
  1.7571598e-03
 -6.4495238e-03
 -1.7802565e-01
 -6.7853619e-04
  7.4637937e-04
  7.4505509e-04
 -2.7150912e-03
  3.5582684e-04
  2.9622836e-04
 -1.4122971e-03
  3.8859069e-01
  7.8509045e-05
 -8.4214454e-04
 -2.0961514e-04
  2.6304685e-04
  4.0608982e-04
  4.4742953e-03
 -1.2580572e-03
 -2.8452463e-03
 -1.3436142e-03
 -1.4002651e-02
  1.0607665e-02
 -5.6241788e-03
  1.8093097e-03
  2.3666499e-03
  4.7635251e-05
  6.0019516e-03
 -1.3381951e-04
  3.7556645e-03
  6.7697591e-03
  1.0706332e-01
  6.5773628e-03
  7.0571764e-03
 -6.5577280e-04
  3.6539827e-03
 -7.8543730e-05
 -1.3036618e-03
  3.0391705e-03
 -1.6731805e-03
  6.5137935e-03
  5.4546800e-03
 -1.2113574e-03
  3.8686750e-04
  2.9415626e-04
  1.2483256e-03
  5.1740818e-03
  8.9496619e-04
 -4.9334825e-03
 -3.9853472e-03
  1.3424561e-04
 -8.2369251e-03
  1.1598558e-05
  1.7648221e-03
  2.5489193e-03
 -4.4806665e-03
  2.4671273e-04
  7.1570609e-04
  6.3394516e-04
 -2.4327340e-03
  4.5108120e-03
  9.8662591e-04
 -4.5055567e-04
  3.4518412e-04
  2.6812188e-03
  2.2071251e-03
  3.3132418e-04
 -4.1266349e-03
  2.4127925e-03
  2.6998194e-03
  8.3586294e-03
 -1.6370874e-03
 -2.5186879e-03
 -4.6175765e-04
 -1.2138741e-03
 -5.8020011e-04
 -2.2980012e-04
  5.2044936e-03
  1.1955371e-01
  1.5216033e-01
 -1.0747527e-03
  3.4276851e-05
 -8.5045518e-03
  8.1227005e-01
 -1.1172622e-01
  1.8980887e+00
 -1.7044249e-01
 -7.5414586e-01
  2.1518664e-02
 -1.3803691e-02
 -5.8908236e-01
 -3.4185603e-01
 -5.6772637e-01
 -3.2575005e-01
 -1.6128719e-01
 -1.1174009e-01
 -2.3730816e-01
  2.7467608e-02
 -3.3773042e-02
 -5.9270188e-02
  3.3964211e-01
 -7.8287315e-01
  1.7156754e+00
  1.4955404e-02
  8.5807580e-04
 -6.7117953e-01
 -1.8465383e-03
 -8.0603575e-03
 -4.4749109e-03
 -3.1578916e-04
 -2.8567415e-01
 -7.2628006e-02
 -1.8393254e-01
 -9.5706973e-03
 -3.4835374e-01
  7.2835088e-02
  1.5042743e-03
  5.0819982e-03
  4.5210376e-01
 -5.3907424e-01
 -3.5761923e-01
 -1.9598337e-01
 -1.2486473e-03
  3.8918981e-01
 -3.4225709e-04
 -2.4318449e-02
 -2.4602379e-01
  1.3125045e-03
  1.0602893e-01
 -2.9994279e-01
 -1.5860571e-03
 -8.1361468e-05
  1.9461027e-01
  9.8509833e-02
  5.1274695e-02
  2.0680931e-01
 -1.1528355e-01
 -7.8219706e-03
  3.3969775e-02
  6.6325301e-01
 -2.2278996e-01
 -8.4332578e-02
  6.3853329e-01
 -5.2016830e-01
 -9.4824225e-02
  5.2099144e-01
 -1.4414783e-01
 -2.0363785e-05
  3.9012750e-04
 -1.3407658e-01
 -3.7421417e-01
  1.1015698e+00
  3.9839474e-03
 -5.7569772e-01
  1.3356482e+00
  5.7241499e-02
 -9.3917042e-02
  3.0223984e-01
 -2.2561201e-01
 -3.8932300e-01
  1.0575706e+00
 -2.5006479e-01
  2.3395268e-03
  1.2787849e-01
 -2.6465328e-03
  4.0400633e-01
 -1.0019771e-03
  1.1221075e-04
 -3.8455106e-02
  6.4571516e-04
  1.4957782e-02
 -2.7561709e-01
  2.3733939e-01
  1.4963388e-01
  9.4807819e-02
  2.1555953e-01
  1.0510988e-03
 -8.6159604e-03
 -1.7547460e-03
 -2.5786920e-03
  9.0578943e-04
 -6.3381582e-02
 -1.5607984e-01
  7.3332322e-01
  6.9118763e-04
  6.0360593e-04
 -1.7695272e-04
  5.8732101e-05
  3.1593582e-03
 -2.2520035e-04
 -1.3477510e-03
  1.0284730e-03
  2.5086433e-03
  4.6106316e-03
  2.9630281e-04
  3.7240775e-03
 -2.2314611e-04
 -2.2680983e-03
 -7.8223029e-04
  9.8029932e-04
  1.5638508e-04
 -4.2236680e-03
 -4.5401938e-04
 -1.5361595e-03
  4.6227663e-03
 -3.6260997e-05
 -1.2488061e-03
  1.0352060e-03
  1.5631272e-03
  1.4599402e-03
  3.9326684e-03
  3.5702345e-05
  4.0190990e-04
  3.7180760e-04
 -8.1016007e-04
 -2.6680992e-03
 -3.5921256e-03
  7.6353834e-05
  3.5029254e-04
 -1.9088512e-03
 -5.7201111e-04
 -2.4524205e-03
  9.7691664e-04
 -8.9130575e-05
  6.4379076e-04
  4.4867294e-03
 -2.9614142e-03
 -2.2712364e-03
  1.0128452e-03
 -1.0147090e-03
 -4.3116082e-03
  5.1585946e-04
  1.0958671e-02
  2.9777742e-03
  4.7602882e-03
  5.1025307e-04
  3.7098725e-03
  2.3577416e-03
 -1.8036114e-01
 -4.6992581e-03
 -1.0244959e-03
 -1.6490567e-03
 -9.9062733e-04
 -2.5733358e-03
 -1.7884715e-03
 -3.5196943e-03
  3.3520977e-03
  4.2521036e-03
  4.7400757e-03
  3.3712052e-03
 -1.2395835e-03
 -1.3687991e-03
 -4.0552234e-03
 -8.1309152e-04
 -1.6428739e-03
  1.1128854e-03
 -5.8889310e-03
  1.1251643e-03
  1.1543847e-04
 -9.6385479e-03
 -1.1407891e-03
 -3.3435149e-03
 -4.3458247e-04
 -2.3497895e-03
  4.2372355e-03
 -2.1991285e-03
  1.9219921e-03
 -1.3533509e-03
  1.3595386e-03
  6.5135295e-03
  4.3883125e-04
  5.8780797e-03
  7.4358759e-03
  1.7055535e-03
  2.2769920e-03
 -1.0996856e-03
 -1.3402807e-02
  1.3260756e-03
 -5.3169616e-03
 -5.2229705e-04
  6.6134944e-03
  2.9570390e-03
 -5.7073182e-01
  2.4563440e-03
 -4.7651632e-04
 -7.1778637e-03
 -2.2925816e-03
  2.0739445e-03
  1.3105267e-03
  6.8715872e-04
 -7.1857590e-04
  6.2679988e-03
 -3.2382384e-03
 -2.8036507e-03
 -2.4080273e-05
 -2.8036763e-03
  1.2909422e-03
 -4.0753428e-03
  1.2729898e-03
  1.1257121e-03
  2.2837424e-03
  1.3925985e-03
 -4.5758993e-03
 -1.8569619e-03
 -8.3041436e-04
  4.3529565e-03
 -2.3699801e-03
  7.2673120e-04
  1.2940555e-03
  3.3171205e-03
 -1.9337984e-03
 -4.5971308e-04
  2.8918472e-03
 -1.1159256e-03
  8.5514149e-04
 -9.7800826e-04
 -6.9215777e-04
 -5.2504876e-04
 -2.2400359e-03
  2.9833962e-03
 -3.6092496e-03
  7.6639332e-04
 -3.4783450e-03
 -1.9046611e-03
  6.8937888e-04
  1.7083884e-03
  4.5037200e-03
  1.3582044e-03
  2.5593236e-03
  2.2568579e-03
  4.4360133e-03
 -5.2378332e-04
  3.6957646e-03
  1.2274267e-03
  2.5940121e-03
  1.5924886e-03
 -3.6780359e-03
  1.2523565e-03
 -1.3390325e-04
  5.3116921e-03
  4.5947707e-03
 -5.1487694e-03
 -5.0843915e-04
 -3.8194435e-03
 -3.6645005e-03
 -3.6488584e-04
 -1.7548917e-03
 -6.2216777e-02
 -8.0749261e-01
 -5.1166280e-04
  3.7176658e-03
  6.2784469e-03
 -6.0153399e-03
 -2.5381381e-03
 -1.9298310e-03
 -1.7775694e-01
 -1.3000208e-03
 -4.7419831e-01
 -3.8121019e-02
 -1.9238046e-03
 -8.0687553e-04
 -2.1075487e+00
  1.1339322e-01
 -1.6899888e-01
 -2.4628260e-03
  6.8749879e-03
 -6.4268745e-03
 -1.4003696e-01
  9.2640340e-01
  1.5064088e-01
 -1.6676581e-02
  8.0251999e-02
 -9.4805515e-01
  3.0993342e-05
  4.2356593e-03
 -1.9692939e-02
 -2.6555219e-01
  6.3429393e-02
 -6.5795942e-03
  1.3786470e-02
  1.0930593e+00
  3.1504061e-03
  9.1246635e-02
  9.1977074e-04
 -2.1198976e-03
  9.5353561e-04
 -4.3764149e-04
 -5.8098631e-03
  7.4748114e-02
 -9.1901334e-04
 -4.8544551e-03
 -2.2803727e-03
  5.6873299e-03
 -1.3899540e-02
  4.4245063e-04
  2.0589178e-02
  6.1526643e-03
 -1.3304326e-03
  3.8573824e-04
  5.2271485e-01
  1.1113193e-02
  6.3891727e-03
  3.3746499e-01
  1.5715538e-03
  6.0378298e-02
 -3.8527891e-03
 -6.8212743e-03
 -2.6815516e-01
  4.2336658e-03
 -3.1014198e-01
  1.5389194e-03
  6.7374343e-01
  2.1815300e-01
  3.5685149e-01
  4.0523443e-01
  2.5846130e-01
  2.3884989e-02
  4.4233224e-01
  1.2350424e-01
  8.8669164e-03
  1.2960627e-02
  2.5312892e-01
 -3.6035123e-01
 -9.4420947e-02
 -3.9940923e-02
 -3.2182649e-02
 -8.4637856e-01
 -3.4408346e-03
 -9.0392446e-03
 -3.2277096e-02
  5.6342453e-02
 -2.8269884e-01
 -1.6923126e-02
 -4.6731655e-02
 -2.3490185e-01
  1.9567844e-01
 -3.9962888e-01
  3.9804787e-03
 -3.1076146e-03
 -1.3091660e-01
  1.1685968e-03
 -2.2797822e-03
 -3.5028231e-01
 -2.2276178e-01
 -5.2791172e-01
 -2.1527009e-03
 -1.7931531e-03
  2.0392764e-01
 -1.8604728e-03
 -9.3886480e-03
  4.2078341e-03
 -2.1315977e-01
 -2.2412017e-03
 -3.1331875e-03
 -2.7412460e-03
 -1.1933838e+00
  1.4078814e+00
 -2.4486435e-04
  7.2362906e-01
  1.8398838e-01
 -9.4339110e-02
 -1.2871331e+00
  3.0335095e-05
  1.2744037e-02
  5.1063907e-01
  3.0312258e-01
 -8.2286435e-01
  1.3203935e-01
  2.4291470e-05
 -9.7116822e-01
 -4.4095913e-01
  7.1713471e-01
 -1.5163936e-02
  4.3792853e-01
 -6.5743440e-01
 -7.5083321e-01
 -4.4149246e-02
  4.4784355e-03
 -2.4274638e-01
  2.6102611e-01
  1.0358288e+00
 -6.4902252e-01
  1.0625172e-01
 -3.2835829e-01
 -1.3589822e+00
 -2.9574141e-01
 -1.6474198e-01
  1.1020780e-02
 -8.5382611e-01
  9.2781019e-01
  6.5879995e-01
  1.5689136e-02
  1.5477112e-01
 -6.8671948e-01
 -2.9697531e-01
 -2.4754114e-01
  1.6077258e-01
 -2.3352377e-01
 -5.9962684e-01
 -1.4972635e-01
  8.4458606e-04
 -1.6083712e-02
  1.7310026e-03
  3.6185116e-01
  1.7488520e-01
  3.7076035e-01
 -5.7841703e-02
 -9.0378569e-03
 -3.0173638e-03
  1.9753780e-03
 -3.6010706e-01
  3.9894974e-01
  5.9586280e-04
 -1.8332253e-01
 -1.2977708e-03
 -8.7121189e-02
  3.9564567e-03
  2.2428690e-01
 -1.2944548e-01
 -2.1717000e-01
  7.1692854e-02
  8.8216842e-04
  5.6403964e-03
 -3.0045226e-02
  4.6552116e-01
 -5.0867586e-03
  7.3069069e-03
 -9.9004330e-03
  2.4933593e-01
  1.6093276e-01
  3.2067591e-01
  9.9208929e-02
 -6.8575196e-02
  7.7267540e-01
 -5.4794690e-03
  9.5592566e-02
 -9.3854377e-03
  1.6699715e-02
  2.6308018e-01
  2.0795215e-03
  9.7913423e-04
 -1.0475245e-02
  1.0313054e+00
  2.2609024e-01
  3.9269193e-03
 -1.7294161e-02
 -8.4253177e-02
  9.5206380e-02
 -2.5791558e-03
  5.8735296e-04
 -6.5921491e-01
  1.6168110e-03
 -7.7701271e-02
 -2.7639263e-03
 -1.3455471e-03
 -7.0804167e-01
  9.0332975e-04
 -1.9376860e-03
 -9.0469467e-04
 -4.5314970e-04
 -2.2809571e-03
 -2.1167244e-01
  4.6686302e-03
  5.4381014e-04
 -1.7539273e-03
  1.2079614e-06
 -1.5894714e-03
 -2.1685923e-03
 -5.2269059e-04
  1.9314332e-03
  4.5130448e-03
 -4.9337051e-03
 -1.7572244e-01
 -6.5164617e-04
 -2.2589657e-03
 -1.9955784e-03
  4.3819495e-03
 -9.4358837e-03
  4.0462412e-04
 -5.1174887e-02
 -2.8321182e-03
  2.8753674e-04
 -3.1301650e-04
 -1.7431664e-03
 -2.1249912e-04
 -8.6578010e-03
 -8.2144206e-06
 -6.0408557e-04
 -2.4183847e-03
  2.5819323e-04
  1.8651327e-03
 -4.6311351e-03
 -6.6337208e-03
  1.8999346e-03
 -1.7703607e-03
  6.9652544e-04
 -5.2515743e-03
  8.0562603e-01
  1.0662482e-03
 -1.0857697e-03
 -4.2415075e-02
 -9.6058026e-03
  3.1741825e-04
  4.7251332e-04
 -3.9893351e-03
  1.7158719e-03
 -2.3586499e-03
 -4.7931640e-04
  5.3000413e-03
  3.2338331e-04
  4.6872911e-03
 -4.5793084e-03
  8.5152307e-04
 -4.2680618e-03
 -1.0649043e-03
  4.2868550e-03
 -1.0862094e-03
  3.5745210e-03
  4.0916514e-02
  2.3357022e-01
  2.4224283e-02
  2.1997778e-02
 -2.5523320e-02
 -6.5548491e-01
  4.8163277e-03
  1.9406136e-02
 -1.8960509e-02
 -8.6922848e-01
 -3.2769530e-03
  1.7245038e-03
 -5.8638328e-03
  1.8623341e+00
 -1.2497693e-01
  1.1574185e+00
 -2.9196243e-03
 -2.4806581e-02
 -2.3298401e-01
  1.5542508e-04
 -1.6428571e-02
  2.2065111e-02
  1.4668915e+00
 -5.1236372e-03
  1.4574468e-01
  2.5597787e-03
 -1.4296852e-02
 -1.3438269e-01
 -4.0091723e-03
 -1.6306384e-02
 -4.2906964e-01
  1.1840283e+00
 -1.2424272e-01
  4.6338740e-01
  1.5980871e-03
 -3.9971032e-04
 -2.0738531e-02
 -2.3428770e-03
 -3.0692967e-02
 -3.5514510e-01
  8.2199115e-01
 -2.1549037e-01
  1.0332321e+00
 -3.5024986e-03
 -5.4597482e-03
 -4.3589923e-01
  1.3981196e-03
  2.5646677e-03
 -6.0185236e-03
  4.0699926e-04
 -4.8600122e-02
  8.7886102e-02
 -1.6836383e-03
  6.4443856e-01
  1.5377396e+00
  1.8002285e+00
 -8.0748689e-01
 -2.5874296e-01
 -3.0033302e-01
  2.4803035e+00
  3.9343648e-03
  1.9791325e+00
 -6.2457204e-01
  6.2568700e-01
 -5.9276116e-01
 -1.5837956e-02
  9.5017570e-01
 -5.8946520e-01
 -1.1528825e+00
  2.9959910e+00
 -9.6584624e-04
 -5.5900776e-01
 -1.0169540e-01
 -1.7035720e-01
  1.2766147e+00
  9.5735872e-01
 -1.7800646e+00
 -2.9863909e-01
 -1.8140510e+00
  5.5244517e-01
 -1.0336649e+00
  2.7948571e-02
 -2.0730474e+00
  1.3968639e+00
  6.6232398e-02
 -5.3876263e-01
  2.5258020e-03
 -1.6453607e+00
 -7.5777364e-01
 -1.1066631e+00
  1.4415896e-02
 -6.3168377e-01
  7.4900305e-01
  2.6870838e-03
 -5.1691681e-02
 -4.7712359e-01
 -1.3943816e+00
 -1.4754118e-01
 -2.6737382e-03
 -5.1042914e-01
 -5.6514930e-04
 -6.0409057e-01
 -2.5064882e-03
 -5.1372600e-01
 -1.2737896e-03
 -1.8761320e-01
  3.4742850e-01
 -2.8008812e-03
 -3.3169880e-03
  3.2283431e-03
 -7.3592151e-03
  1.7697249e-03
 -8.7551241e-05
  3.9241780e-03
 -2.7302550e-03
  5.7749085e-02
 -4.8281890e-03
 -1.4875963e-04
 -3.4738367e-03
 -2.2627697e-03
 -3.2115874e-03
  7.3684705e-04
  3.9942993e-04
  4.1932310e-03
 -2.2238260e-03
 -5.6416607e-03
  6.8884098e-04
 -5.8146438e-04
 -2.5651953e-04
  2.2012931e-03
 -5.6794286e-04
 -4.2836349e-03
 -6.9287927e-03
 -7.3065551e-04
 -2.3916303e-03
  2.7168498e-03
  3.2056560e-04
 -3.4206151e-03
  5.5677006e-03
 -2.6343293e-03
  5.3707198e-03
  9.6745761e-03
 -2.0705082e-03
 -3.0323858e-03
  3.2239472e-03
 -6.9049309e-04
  1.7716212e-03
  4.8785247e-03
 -1.0011296e-03
 -2.6339636e-04
 -1.5703309e-03
  5.5125491e-03
 -2.6027660e-03
 -4.2563493e-04
  1.6059537e-03
 -7.0249233e-03
 -3.1302972e-03
  3.3650626e-03
 -1.5697908e-03
 -1.1663745e-03
 -1.5918151e-03
  6.0846903e-03
 -8.7786853e-01
 -1.5453537e-02
 -1.5700712e-03
  3.5755886e-04
 -6.9197011e-03
  8.9833913e-03
 -1.2754102e-02
 -1.8318357e-01
  2.8796999e-02
  1.3450947e-01
  3.5879363e-03
  1.6917543e-03
  3.8245309e-03
 -4.2017284e-01
  3.8617298e-02
 -1.2653209e-03
  5.3746678e-04
  1.6012024e-02
  4.1607460e-01
 -1.9601083e-03
 -6.7391379e-06
 -6.8898606e-03
 -4.6915558e-01
  1.2240524e-02
  2.7875099e-01
 -1.7880040e-03
  2.9539328e-02
  1.0901948e-04
 -2.9878192e-02
  5.3538639e-02
  1.9806740e-04
 -1.8462917e-01
 -6.2911123e-02
 -1.0052295e-03
 -2.8070374e-03
  4.8401239e-03
  7.3186159e-02
 -1.2090837e-03
 -2.0655165e-04
  1.5623440e-04
 -6.4510036e-01
  1.4860195e-02
  1.6371082e-01
 -1.3236114e-03
 -5.1682699e-03
  3.3390310e-03
  1.0770684e-03
 -1.1780607e-01
  2.9123886e-03
 -4.1790018e-03
  6.4626681e-03
  1.0628449e-03
 -4.7916900e-03
  4.4579799e-03
 -1.3048308e-03
  7.6778384e-04
  1.3132662e-03
 -4.6995385e-03
 -5.2157198e-03
 -3.6439749e-03
  2.3296501e-03
  5.1463044e-01
  1.6821190e-03
 -8.3754417e-03
 -5.4311412e-03
  8.7651785e-04
  6.8087701e-04
 -4.6742253e-04
 -1.4297098e-03
 -7.2955707e-04
 -5.5558397e-03
  6.5788771e-03
 -7.9008430e-05
 -6.3696308e-03
  1.2032210e-03
  2.8146475e-03
 -3.7733777e-04
  2.1312612e-03
 -2.3144903e-03
 -2.1899808e-03
 -1.4269794e-03
  4.5971167e-03
  9.0009195e-04
  2.2465317e-03
  1.9498772e-03
  1.8169116e-02
  2.6283340e-04
 -1.9508741e-03
 -8.2855788e-04
 -3.6870544e-03
  6.3451352e-03
  1.4899829e-03
 -6.5161882e-04
  8.5497433e-03
 -5.5014919e-03
 -6.7623146e-03
 -4.8510819e-03
  4.9536731e-03
 -2.6828030e-03
  6.1043713e-04
 -3.0060092e-03
  5.5535296e-03
  5.1547546e-04
 -2.0785674e-03
  1.1588604e-04
  2.2294801e-03
  4.4641560e-03
 -7.3848325e-01
  8.4149021e-01
  2.8398126e-02
  1.3879110e+00
  1.5378963e+00
  9.2974663e-01
 -9.1139406e-01
  3.2071548e-03
 -6.3902491e-01
  1.2645741e-01
 -2.2384544e-01
 -7.6352810e-03
 -2.1722496e-01
 -1.4026284e+00
  1.5693052e+00
  1.6743321e+00
 -3.7073860e+00
 -3.5760418e-01
  2.1828373e-01
 -2.6814172e-01
 -2.6471948e-03
 -2.7437362e-01
 -1.8641491e+00
  9.9954206e-01
 -2.2045401e-01
  4.3808579e-01
 -3.1855866e-02
  9.2995010e-02
 -3.7048298e-01
  5.5883280e-03
 -4.3238306e-01
 -9.7279932e-04
 -1.3403897e-01
  7.3425829e-02
  8.9665800e-01
  5.8877248e-01
 -2.5676771e-03
 -3.6780059e-01
 -1.7537194e-03
 -2.5658423e-01
  2.3677519e-03
  3.1758618e-02
  4.5670214e-01
 -1.7857125e-02
  1.5985292e-03
  2.8073641e-03
  3.4770917e-02
 -2.1762770e-04
  3.1022280e-01
 -7.1238829e-03
  3.8266158e-01
  9.7425622e-01
  1.8170836e+00
 -7.3907492e-03
  1.3184702e-03
 -8.0285085e-05
  1.1831076e-01
  1.3110108e+00
  5.7282090e-01
  7.4596814e-04
  6.0475722e-02
 -8.3837193e-01
 -3.6817154e-01
 -2.9633281e-01
 -3.8393548e-01
 -1.5268913e-01
 -9.9470303e-04
 -9.8505326e-02
 -3.5556987e-02
  1.8491546e-03
 -1.7584070e+00
  5.2786708e-01
  2.2501674e-01
  1.1774182e-02
  7.0452597e-04
  5.7120466e-01
 -1.5075821e+00
 -1.2585540e+00
 -1.6201442e-01
 -4.2024086e-04
  1.9225537e+00
 -5.0150257e-01
 -2.3641775e-03
 -8.4511560e-01
  1.0559409e+00
 -1.1287439e+00
 -7.8629173e-02
  4.8523443e-03
  3.2041806e-01
  1.6918553e+00
 -5.6252033e-01
 -3.9550115e-04
 -2.2610326e-01
  5.0023317e-01
  1.7227347e-01
 -3.7895337e-01
  3.5927072e-01
 -1.4672978e+00
 -3.4385201e-02
  9.6773779e-01
  3.6182335e-01
  1.1520080e-04
  1.0691570e+00
  1.9148805e+00
  4.2904809e-02
 -8.8362046e-02
  1.5897534e-03
 -5.1681024e-01
  2.0420101e+00
 -1.5805659e+00
  7.8614008e-01
 -1.7195304e-01
  1.6633102e+00
  2.6104927e+00
  9.2119946e-05
 -1.3375062e+00
 -8.2618099e-01
 -1.5010991e+00
  5.6963664e-01
  1.2418754e+00
  1.4041141e+00
 -1.1809319e-01
  8.5382324e-01
  7.4330695e-02
  4.7305686e-04
  2.8397999e+00
  4.1004196e-03
 -1.5558517e-01
 -2.2916837e-01
 -1.1751442e-03
 -1.2657367e+00
  1.8313177e-03
  1.1462078e+00
  1.5251122e-02
  2.0427592e+00
 -1.7523819e+00
  1.4551661e-03
 -4.3035871e-01
 -1.6500454e-02
 -6.7635757e-01
  8.5405022e-01
 -2.0173237e-01
 -4.6597895e-01
 -1.8857926e-02
 -6.1340910e-01
 -8.6224250e-02
  1.0570380e-03
  1.0164502e-01
 -1.9818205e-02
  5.5907255e-01
 -2.2457743e+00
 -7.6874989e-01
 -5.2303237e-01
 -6.3084435e-01
  2.2712698e-02
 -3.3909139e-01
  4.5176174e-02
  2.1846786e-02
 -7.4723279e-01
 -3.1621757e-01
 -1.8306610e-01
  5.0859753e-02
 -3.4750849e-01
 -1.6075142e-02
  7.0396466e-03
  2.0179998e-03
  4.0699001e-02
  2.0173879e+00
 -3.5534047e-03
  2.4749670e-04
 -3.0399776e-01
  1.5906009e-03
 -3.7103379e-01
 -1.2319040e+00
 -7.9558182e-01
  3.2622540e-01
  1.4470416e-01
 -1.9870399e-01
  2.3922075e-02
 -5.6312331e-03
  1.7874967e-03
  2.9771137e-03
  1.5488115e-02
  3.6803536e-02
 -6.1888677e-01
  1.2114383e-03
  2.6523815e-02
 -3.9627296e-01
 -3.8224429e-01
  9.7850210e-04
  5.5720629e-03
  3.2292893e-03
  1.0334370e-01
 -4.9326044e-01
  1.6853789e-02
 -3.2037677e-04
 -5.2003956e-01
  9.1857249e-01
 -5.7290299e-03
  1.5652336e-01
 -2.0612087e-03
 -1.2992845e-02
 -2.7867919e-01
 -1.0219203e+00
  1.0549833e-01
 -1.1188301e-01
  1.5002468e-01
  4.0254867e-04
  2.4563358e-03
  5.3791790e-03
 -3.3964349e-03
 -4.8616198e-01
  9.6728462e-01
 -3.9104966e-04
 -1.0601715e-02
  4.1125032e-01
 -6.1432263e-03
  1.0199507e-03
  1.1877558e-02
 -1.6886013e-02
 -5.5061639e-03
  1.8941842e-01
 -1.2430202e-02
  1.2236335e-03
 -3.7508393e-03
 -4.9809399e-03
  3.3206819e-03
 -4.5621470e-02
  1.7243282e-01
  1.3285740e-03
 -1.9514782e-04
  4.9055121e-03
  1.2896111e-02
  1.3398497e-04
 -3.9289217e-03
  8.1856101e-04
 -1.0350182e-03
 -4.5395581e-04
 -3.8662793e-03
  7.6096883e-05
  2.7512650e-03
  3.8245930e-03
 -7.8384848e-03
 -3.0640690e-03
 -7.1109214e-04
 -1.9549234e-03
  1.4330592e-03
 -7.1985298e-03
  8.8955266e-03
  7.1643610e-03
 -5.6868866e-03
 -2.5770986e-03
 -1.0217869e-03
  1.1076026e-02
  4.4997674e-03
 -2.4676430e-03
 -2.9570111e-03
  5.8040630e-02
  6.9425366e-04
 -3.7570132e-03
 -8.3869994e-01
  9.6501363e-04
 -2.4602206e-03
  2.8641697e-04
 -3.4304461e-03
  3.3570160e-03
 -5.5793859e-02
  1.2725947e-03
  2.0319033e-04
 -6.5653847e-04
 -3.0496072e-03
 -1.0659410e-02
 -3.8457627e-03
  5.8507198e-04
  6.4417842e-04
 -1.2970298e-05
 -3.1536540e-03
  1.2088182e-02
  9.6550658e-03
  3.7508039e-03
  5.7917614e-03
  1.6043020e-03
  5.2414654e-04
  1.0891135e-03
  9.4538191e-03
 -7.4117002e-03
  1.9875190e-03
  9.9349760e-05
  2.5982442e-04
 -2.6036366e-03
  1.2104466e-03
  1.0830584e-03
  4.6035263e-04
  1.0977795e-03
  3.5433727e-03
 -5.2937451e-03
  2.3556300e-03
 -1.6971588e-03
  7.2231563e-03
 -1.6023789e-03
  1.0617397e-04
  7.3492446e-04
 -5.4914877e-03
  2.8544262e-03
 -2.2283412e-04
  5.4149854e-04
  5.0945557e-04
 -2.6764011e-03
  2.1664314e-04
 -6.1151641e-04
  2.0106811e-04
  3.6123863e-03
 -7.9870928e-04
  3.3135910e-04
 -3.2566641e-03
 -3.4390416e-03
 -1.6392481e-03
 -2.4271358e-03
 -1.3687747e-04
  2.5455540e-03
  2.4727508e-03
 -6.7863297e-03
 -1.2453713e-02
 -1.8897941e-04
  2.3473236e-03
  2.1552150e-03
 -1.7392172e-03
  3.0467825e-03
  1.1794167e-03
 -1.6039453e-03
 -3.2953701e-03
 -6.0536509e-04
  2.6354315e-03
  2.1543906e-03
 -1.1436046e-02
  8.3634955e-01
 -7.1269606e-04
  8.8718183e-02
  1.1205964e+00
 -3.1901752e-03
  4.0852409e-02
  5.4906148e-05
 -1.7577967e-03
  1.1485409e-04
 -1.2331767e-03
  1.4066780e-01
 -2.6270002e-03
 -6.6166366e-03
 -1.9463772e-03
 -2.8184240e-03
  6.2888139e-05
  6.1761425e-04
 -7.5638038e-03
  2.7721602e-02
  3.1665380e-03
 -3.3412545e-04
  2.8538429e-03
  7.5482304e-04
 -2.7019782e-02
  7.5058552e-04
 -1.8616550e-02
  9.8066847e-04
 -3.4879652e-01
 -8.6716739e-03
  2.7504289e-01
 -6.2317230e-02
  1.3519150e-01
 -2.9856907e-03
  5.6080329e-01
 -4.9177706e-03
  6.2773912e-03
  2.1648493e-03
  3.3666918e-03
 -7.2936504e-03
 -6.1836466e-02
  1.5239047e-02
  3.2217687e-03
 -4.2696767e-03
 -7.5188257e-02
 -8.6694467e-04
  1.9253145e-03
 -1.4078073e-03
 -8.7371720e-03
  1.0952267e-03
 -8.9472048e-03
  1.3777871e-04
  1.8384121e-02
  8.9283516e-05
  1.7851857e+00
  9.0683722e-01
 -1.3556165e+00
 -1.2624145e+00
 -1.9961454e+00
 -2.6042253e-01
 -2.5636338e-02
 -3.6567932e-01
 -2.5681150e-03
 -5.5793296e-03
  1.4008644e+00
 -2.1420242e-03
 -7.4027789e-01
  7.7955174e-04
  5.8939099e-01
  2.9171911e-01
 -8.1433950e-04
  6.4738356e-02
  1.7040134e-03
  1.1460456e-01
 -2.7799129e-01
 -4.0960066e-02
 -1.5052652e+00
 -6.4995250e-04
  2.3958912e-01
 -1.0843126e-01
  1.8799995e+00
  7.8001944e-04
 -5.4660272e-03
 -9.9727232e-03
 -1.8582133e+00
 -1.9045593e+00
 -3.1738114e-01
  9.2994177e-01
 -7.5085032e-01
  2.0042947e-03
 -1.5592860e-02
  5.0628241e-02
 -5.5802567e-03
 -9.8871052e-01
 -9.3905860e-01
 -1.0776472e+00
  4.9357501e-01
  1.0459142e-02
  1.4708470e+00
  6.2522818e-03
 -3.0787706e-01
  9.6712160e-05
  3.1662142e-01
 -1.6083704e-01
 -6.1185602e-03
 -5.9396243e-03
  3.0911131e-02
 -4.2882216e-01
  1.2454093e-03
 -1.7597564e-02
  6.8648774e-03
  1.7048090e-03
 -2.0060271e-03
  7.6846109e-04
  2.0129096e-03
 -3.6654100e-03
  1.9964283e-04
 -2.8483453e-03
  7.7300873e-03
  4.0161359e-04
 -6.7494474e-03
  1.0920266e-03
  3.9979378e-03
 -1.6173180e-03
 -1.6613187e-03
 -8.9507434e-04
 -6.7087519e-04
 -2.7438363e-03
  1.3563804e-03
 -4.2175325e-03
  1.1888687e-02
 -4.5305898e-04
  7.0806372e-04
  2.1528479e-04
 -5.9976839e-03
 -3.9343326e-03
  1.1836760e+00
 -9.0186222e-04
 -4.9600512e-05
  9.5014572e-03
  1.3538805e-03
  2.4399064e-03
 -2.8180529e-03
 -7.1110730e-03
 -1.0975691e-03
  3.5688456e-03
 -3.4308382e-03
 -1.1767661e-03
 -4.0471791e-03
 -7.0491256e-03
  6.7893753e-04
 -1.4359935e-04
  1.1447120e-03
 -4.1599087e-03
  7.4635602e-05
  2.4503684e-03
 -1.5811815e-03
  1.0760012e-03
 -9.3465513e-03
  5.3599500e-03
  3.2241375e-03
  2.8358679e-03
 -6.3751644e-01
  2.9006815e-01
  4.6274856e-01
 -1.3611950e+00
  1.1057054e+00
 -6.5020264e-05
  2.3967367e-01
 -6.4807838e-01
  1.0371519e-03
 -1.4512565e+00
 -6.2927848e-01
 -1.2597717e-01
  2.9700735e-01
 -1.0478940e-03
 -5.9098685e-01
  2.7124360e+00
 -8.0514789e-01
  3.1740949e-01
  4.5012015e-01
 -5.6856620e-01
  2.3975243e-01
 -5.3752335e-03
  1.6445739e+00
 -7.8423902e-02
  3.7447183e+00
 -2.4190574e+00
  1.4359492e+00
 -9.6581772e-02
  2.8858674e-01
  3.4901050e-01
  9.9680239e-01
 -3.4396812e-01
 -7.2024770e-02
  1.9647052e+00
  5.8653754e-01
  6.5558988e-01
  3.3045673e-01
  2.6922867e-01
  1.9269468e-03
  5.2077286e-02
 -7.0257239e-02
 -1.3005563e-02
  1.5166125e+00
  3.2859105e-01
  4.5701888e-01
 -1.3886081e-01
 -1.7553982e-03
  4.4550621e-03
  1.3510916e+00
  1.9417764e-01
  7.6594735e-03
 -6.5716705e-04
  1.2572590e-01
 -1.1564566e-01
 -3.7970448e+00
  3.2579628e-01
 -1.6651127e-01
  1.5939155e+00
  5.0700551e-01
  4.7671166e-01
  2.7741134e+00
 -1.6830407e+00
  6.6364105e-03
  8.2095683e-02
  5.7093686e-01
  1.2422547e-01
  1.0479785e+00
  7.4628109e-01
  1.6250389e+00
 -1.5835849e+00
 -4.0619698e+00
  1.6972779e-01
 -5.3071457e-01
  1.6983700e-01
 -2.7205048e-03
  4.8527312e-01
 -2.0907818e-01
  3.9916134e+00
 -1.3488053e+00
 -2.4784949e+00
  1.4707096e-03
 -5.3321260e-01
  8.5864359e-01
 -7.6627219e-01
  2.2502508e+00
 -5.5449575e-01
  1.9502869e+00
 -1.2665178e+00
  4.5704260e-01
 -2.3957492e-01
 -3.0075774e-01
  2.3152606e-01
 -8.2685044e-03
  1.2801312e+00
 -1.0645191e-01
  9.2254084e-01
 -7.2583008e-01
  4.8953903e-01
 -1.2957516e-01
  1.8405642e-01
  7.2127450e-01
 -8.9962228e-04
 -9.2146033e-01
 -2.7188444e-01
 -1.4528286e+00
 -2.9649478e-04
 -1.6991377e-01
  1.7174566e-01
  1.8732814e-03
  6.6505843e-03
 -7.5711696e-03
 -1.8580458e-03
 -1.9303665e-03
 -1.2801090e-03
 -2.0295498e-03
  3.4012638e-03
  3.8005499e-04
 -1.3291594e-03
  3.5939774e-01
  6.5319468e-03
 -6.8756309e-04
  1.6610032e-03
  4.7082678e-04
  1.4839835e-02
 -6.7992224e-03
  9.6602947e-05
  5.8831405e-03
  2.2795743e-04
  4.2655547e-03
 -1.3601807e-03
 -1.4932328e-03
  1.4293853e-03
 -4.7579953e-03
 -4.2605917e-03
  9.2657013e-03
 -1.0768834e-03
 -3.6262724e-01
  7.6584029e-04
 -1.0640129e-03
  1.3137800e-03
 -7.1407333e-03
 -5.2086725e-03
 -1.1439510e-03
  1.7783422e-03
 -4.7477274e-04
 -2.4603480e-03
  1.5631580e-03
 -3.4126177e-04
 -4.1886148e-01
  3.8360760e-03
  5.1085633e-05
  1.5312671e-03
  8.1180426e-04
  4.2152358e-03
  5.9683440e-04
 -2.8770466e-03
 -3.4738153e-03
 -6.6308179e-03
 -3.5029294e-03
  1.9333020e-03
 -4.2910906e-03
 -1.0448240e-02
 -1.3985776e+00
 -7.1126819e-03
  2.0032654e+00
  1.3492908e+00
  8.7097335e-01
 -1.1147445e-01
  1.2504328e+00
  1.1922456e-01
  1.4320993e-03
 -1.0423311e-03
 -2.5416601e-01
 -6.3153156e-03
 -2.4293864e-02
 -3.3360416e-01
  8.4082611e-02
 -1.2206644e-01
 -3.5948420e-01
 -1.5974642e-03
 -7.1617737e-03
  1.5084945e-03
  2.7459322e-03
 -3.8655952e-02
 -1.1714185e+00
  2.2188231e-01
 -1.9651329e-02
  8.0601566e-02
 -1.8151678e-01
  4.4239485e-03
 -6.2265176e-01
 -9.9991739e-01
  2.6453927e-03
  4.1161752e-01
  1.2294885e-02
  3.7144420e-03
 -4.5932764e-01
 -6.7074243e-03
  3.6066656e-03
 -2.1251312e-03
 -2.9971678e-02
 -3.5573551e-01
 -6.4238000e-01
  1.0659234e-02
  1.1249094e-01
  5.9730740e-04
 -4.5762360e-01
 -1.4713703e-04
  1.0519721e-01
 -1.7447537e-02
 -1.3238242e-01
 -1.1382196e-01
 -1.4480466e-01
 -2.1438819e-04
 -1.1624659e-01
  3.2360628e-02
 -8.2419801e-04
  1.5339636e-03
  3.5243115e-01
 -1.0828631e-02
  4.4097233e-04
  9.6756109e-04
  1.9659315e-01
  1.5600581e-01
 -3.4818932e-04
  6.5607778e-03
 -9.0174240e-01
  1.8507675e-03
 -7.0115513e-01
 -1.5886592e-03
 -1.4737269e-01
  2.2001725e-02
  1.6550762e-03
 -4.7377437e-02
  4.9483858e-04
 -5.2675360e-01
 -1.7959670e-03
 -3.2987514e-01
 -1.4362530e-03
  1.8294094e-04
 -2.9240537e-03
 -7.1549593e-03
  6.6514919e-03
  3.0130870e-03
  4.0824641e-02
  8.7330106e-04
 -2.0297735e+00
 -2.6120141e-03
 -7.2645344e-04
  2.3058977e-03
  8.1889611e-04
  2.4929470e-03
 -1.3430944e-03
 -1.6032107e-01
 -3.6680722e-03
 -2.9028783e+00
 -8.5601176e-04
  6.7896605e-04
 -1.4976715e-03
  4.1281456e-01
 -1.3604362e-02
 -2.4160135e-03
 -2.6399768e-03
  1.1451905e-04
  3.8959651e-04
  7.4172945e-04
 -2.5152254e-03
  3.4658646e-03
 -3.4620576e-03
 -1.5206197e-03
  1.0350106e+00
  1.0046980e+00
 -2.1908922e-01
  1.8799784e-02
 -6.4699240e-02
  3.5756556e-04
 -5.8361030e-01
  1.1594895e+00
  3.3460448e-03
 -3.1010982e-02
  1.3211057e-01
 -3.1380916e-03
  1.4249060e+00
 -9.3411672e-01
 -1.1227332e+00
 -2.4702376e-01
 -1.1132690e+00
 -2.0329866e-03
  2.9641533e-01
 -8.6934905e-04
  2.4632442e-01
  7.4274206e-01
 -4.3501377e-01
 -9.7103262e-01
 -3.2336593e-03
 -8.0791110e-04
 -2.7427902e-03
  1.5158781e-03
  2.0353859e-03
 -3.1045340e-03
  6.9449925e-01
  1.1473831e+00
 -8.6545985e-04
  7.5334874e-03
 -2.1558257e-03
 -1.3526142e-05
 -7.5259246e-05
 -5.8894259e-01
 -3.4517288e-04
  1.4755732e+00
 -8.9341789e-01
  6.2958719e-03
  1.0027432e-02
 -2.6630268e-01
 -9.2031322e-03
  2.7071286e-03
 -5.1646973e-03
  5.3370409e-03
 -2.9431924e-01
 -3.2239422e-01
  3.6117209e-03
 -3.8784486e-03
 -9.7178230e-03
 -1.3673145e-04
  7.8780763e-03
 -1.5422763e+00
  7.0187634e-01
  8.1002805e-03
 -5.0510438e-03
 -1.9880815e-01
  5.5043239e-02
  2.3438604e-01
 -2.2197023e-03
 -2.5814462e-01
  4.5579490e-03
 -3.8337708e-03
 -2.7352436e-03
 -1.0808271e+00
 -6.3217396e-01
 -7.4622028e-02
 -1.4048799e+00
 -9.8482296e-03
 -2.7293857e-04
  2.3189117e-04
  1.9395495e-02
  7.9498149e-02
 -6.6937637e-01
 -5.7251889e-01
 -9.1936039e-03
  6.4913797e-01
 -1.5970138e-03
 -3.3103634e-04
 -5.7800789e-03
 -5.3055041e-02
  9.0622797e-04
  2.9285305e+00
 -1.0354955e+00
 -1.0123116e-02
 -1.0000145e-01
 -1.1389656e-03
 -1.4032420e-03
  7.7200495e-03
 -7.0151635e-03
  1.7250671e+00
 -5.7859129e-01
 -1.5321158e-01
  4.7713931e-04
 -1.2846294e-01
 -3.5917666e-03
  2.4420938e-03
  1.1923111e-02
 -2.2945295e-03
 -7.0915255e-03
 -3.1599315e-04
 -1.0900011e-02
  2.5297850e-03
 -6.0861693e-03
  2.7810968e-03
  8.0765545e-01
 -5.3792545e-03
  1.2237536e-01
  1.3315202e-01
 -9.5293331e-01
  5.3023808e-03
 -4.3836948e-01
  1.2622677e+00
 -5.8072703e-03
  2.9732304e-04
  2.1235581e-01
  1.6463315e-02
  4.0593976e-01
 -1.1829119e-02
  4.7982216e-02
 -6.2725939e-02
 -1.1008412e-02
  7.0434059e-03
  1.5233334e-03
  9.2221367e-01
  2.7076988e-02
  1.9260323e+00
 -3.5812756e-01
 -6.1440706e-01
  3.7704748e-03
 -6.5854424e-01
 -4.1566165e-03
  3.2889572e-04
  4.1326769e-03
 -2.2204773e-04
  1.7395701e+00
 -6.4749813e-01
  5.0973374e-01
  7.8078109e-04
 -3.7905782e-01
  7.4448891e-04
 -1.4652597e-02
 -7.5158005e-06
  3.4258761e-02
  5.8884871e-01
  2.6208707e-03
  1.0794586e-03
  2.7131510e-01
 -5.3554967e-02
 -1.3341373e-03
  6.7010359e-04
 -9.6993707e-02
  2.4548490e-04
 -5.4463320e-03
 -1.4650849e-01
  2.3468826e-03
 -1.9535825e-03
  4.6378612e-03
  1.5010027e-03
  2.9755349e-03
  1.4582835e-03
 -8.6060455e-03
 -2.2290081e-03
 -8.3964801e-04
  1.3535467e-02
 -3.1475055e-03
 -4.3695853e-03
  5.8633974e-05
 -1.5899639e-03
  4.7567478e-04
  4.2742668e-03
 -1.0778401e-03
 -1.5306759e-04
 -7.1791187e-04
 -9.1772585e-04
  1.3919757e-03
  1.0679851e-03
 -1.3423325e-03
 -7.4553173e-03
  5.6298170e-04
  1.2880067e-03
 -1.6691285e-03
  7.7925803e-04
 -1.0568522e-04
  1.4811833e-03
 -1.2887206e-03
  4.7513656e-03
 -1.0875588e-03
  1.0044090e-03
 -3.8322383e-03
  1.1856558e-03
 -3.6953058e-04
  8.3260058e-04
  9.4939466e-04
 -2.5753144e-03
  9.9744473e-04
  3.0887173e-03
 -3.7876118e-03
  1.1938972e-03
  1.3782685e-03
  5.8385858e-04
 -1.8376969e-03
 -1.3785430e-03
  1.2257270e-04
 -8.6979673e-04
  4.4767199e-05
 -9.7189262e-04
  3.4565069e-03
  1.1379303e-03
  1.6776145e-03
 -3.6796188e-04
  1.6056625e-03
 -2.7672395e-03
  5.4571754e-04
  5.8065224e-01
  1.2127502e+00
  2.9190949e-03
 -1.3423371e-03
  1.4035484e-02
  4.2186091e-03
  2.6123592e-01
  3.8043400e-03
  2.7515367e-01
 -2.9650005e-03
  5.0310999e-01
  1.5721446e-01
 -6.2138191e-03
  5.4653656e-01
 -1.7383933e-01
 -1.2873794e-05
  1.0861353e+00
  2.1744987e-03
  2.3693831e-01
  3.9815737e-04
  2.6305562e-01
  4.7614884e-01
 -1.0934148e-01
 -1.7147541e-01
  7.4492627e-01
 -9.1253212e-03
 -1.4914506e-03
 -5.4831272e-01
 -7.7059455e-03
  7.9538053e-01
 -2.1519151e+00
  5.0397044e-01
 -4.1308450e-03
 -6.5054822e-01
 -1.8066115e-03
  2.1150522e-03
  2.4338613e-01
 -3.4341619e-03
  4.5160720e-01
  4.4160283e-01
  2.2747873e-03
 -1.5938237e-03
 -4.2126784e-01
 -5.5127353e-03
 -6.5924360e-05
  3.1183337e-04
 -4.2585167e-03
  3.2299000e-03
 -6.5746461e-03
  4.3761408e-01
 -1.8777553e-03
 -3.4126672e-01
  1.3813742e-03
  2.9967711e-03
  1.8665257e-03
  5.9332001e-01
  3.5991273e-03
 -4.4337788e-01
  2.2790182e-01
 -6.7546362e-01
 -6.7625827e-01
  3.5461357e-01
  2.3353223e-03
  1.2825707e-03
  1.3853328e+00
  1.1684277e-01
 -2.9002401e-01
  5.3215146e-01
  2.5594703e-04
 -2.9088184e-01
  4.5681104e-01
 -8.2838857e-01
  7.7263469e-01
  2.2867808e-02
  4.9766257e-01
  9.9152422e-01
 -5.2436638e-01
 -4.5966945e-04
  5.8261770e-01
  1.2430633e-04
 -8.0570348e-02
 -4.5394897e-03
  4.0976039e-01
  1.2537427e+00
 -6.8598408e-01
 -8.8318303e-02
 -1.5492821e-03
 -3.9591154e-01
  1.7415754e-01
  4.1426555e-03
  1.0830649e+00
  6.3744444e-01
  6.8342394e-01
 -8.7885439e-01
  3.0358848e-01
 -4.4899462e-03
 -8.6691064e-01
  1.4849065e-03
  3.3383738e-04
  3.8810415e-04
 -3.9501702e-03
 -2.0938008e+00
  3.8289814e-03
  8.8946480e-01
  4.1669263e-03
 -1.9671472e-02
  2.3561006e-03
  1.6375213e-04
  9.3318653e-01
 -2.1198397e-03
 -7.4858335e-03
  1.2315342e-03
  1.8081951e-03
 -3.4359932e-01
 -2.6637027e-03
  2.6288207e-03
  6.6377725e-03
  1.3629038e-02
 -1.0928338e-03
  2.3825215e-03
  4.4490052e-03
 -7.9932045e-03
  9.6610503e-04
  5.0160964e-03
 -9.7880955e-05
  4.1548503e-03
 -8.9431286e-04
  2.9083304e-03
  1.0517948e-02
  9.5859393e-03
  4.5896801e-03
  5.7287207e-03
 -7.2891172e-03
  1.5922242e-03
 -9.2863396e-04
  4.9271751e-02
  3.0822260e-03
 -1.5053320e-03
  4.4833088e-01
  9.2966267e-04
  1.6848500e-03
  2.1616584e-02
 -5.8617833e-04
 -4.0701129e-03
  2.8833128e-03
 -1.4304272e-03
  1.0265493e-03
 -1.9447226e-04
 -3.3636680e-03
  2.7432220e-04
  3.6781002e-03
  1.0716218e-01
 -1.2774365e-03
 -5.0586677e-04
 -1.1047643e-03
  1.8046701e-02
  1.1441279e-03
  4.6034441e-03
  1.4833810e-03
  5.4738962e-04
  3.0048538e-03
  1.2878368e-03
  5.7933729e-02
 -2.8718534e-04
 -6.1556757e-03
 -8.6308727e-03
  1.2960681e-03
 -7.8960466e-01
  5.2975654e-04
 -4.4654575e-04
 -3.0881201e-03
 -2.7951610e-05
  2.7003356e-03
  2.0322334e-03
  4.9198894e-03
  3.7341850e-04
 -2.3903439e-03
  6.2243869e-03
 -1.0488764e-03
 -5.2032708e-03
 -6.1049103e-04
  1.1330957e-03
  3.7706375e-02
 -6.6728266e-03
 -3.6693751e-03
  1.5145805e-03
 -1.5870333e-01
  8.6940872e-03
 -1.2820527e-03
  2.0790718e-02
  1.0653482e-03
 -1.2900707e-03
 -1.4675742e-01
 -3.2646970e-03
 -3.2209980e-04
  3.5497178e-03
  1.3438498e-02
 -2.2197615e-03
 -1.8390502e-04
  3.3590123e-03
  1.6107779e-02
  2.5767085e-01
  3.3899967e-04
 -3.2109525e-03
 -1.3974728e-03
  1.0728682e-03
  4.2272912e-04
  3.4686632e-04
  9.1707213e-03
 -1.4161472e-03
  4.6226406e-03
  3.1091724e-04
 -2.3190412e-03
  1.3917717e-03
 -3.6544411e-03
  1.6720094e-03
 -8.9291185e-03
 -2.3515571e-03
  9.7043868e-03
 -5.2866885e-03
  9.1039132e-05
 -6.4086495e-03
 -7.9106324e-04
  2.0098142e-04
  3.7643376e-03
  5.2019753e-02
 -1.5234334e-03
  7.6672214e-04
  6.1848218e-04
  1.3872696e-03
 -1.4580713e-03
 -1.4870754e-03
  2.9812640e-04
 -1.0542111e-03
  5.4958486e-03
 -1.2462443e-03
 -6.3350832e-04
  5.7243476e-05
 -2.2119333e-03
 -2.0124209e-03
  2.4201882e-03
  6.5725287e-03
  2.3331877e-03
  9.6389093e-03
  6.3103647e-04
 -1.7991279e-03
  2.0904697e-03
  1.3360180e-03
  4.1164272e-03
 -4.6745841e-03
 -7.5455247e-03
 -1.3600214e-03
 -1.6639266e-03
 -6.9837710e-03
  2.5616763e-03
 -3.9340551e-03
  1.1106668e-03
 -2.4419909e-04
 -8.7289471e-04
  7.1436828e-03
 -6.2627351e-04
  4.6107099e-05
 -7.5188698e-05
 -4.2496636e-03
  2.3750409e-03
 -1.0978670e-03
 -6.1726947e-03
 -1.2747274e-04
  3.3199422e-03
 -1.8416873e-01
 -1.4250454e-02
 -7.1064496e-01
 -4.6879554e-01
  3.7039885e-01
  2.0556296e-01
 -9.4667292e-04
  7.8093487e-01
  2.0990807e-04
  5.4715583e-03
  1.2377884e-03
  7.2048634e-01
 -1.5376195e-01
 -8.0645138e-01
  1.7125869e-01
 -9.8465836e-01
 -2.4161573e-01
 -9.6071059e-01
 -7.2125459e-01
  2.0514842e-02
  7.0809424e-03
  2.1163014e-01
  6.5274072e-01
 -9.1060355e-02
 -1.5244790e+00
  2.3082795e-04
 -1.6016678e+00
  2.4337795e-01
 -4.1596028e-03
 -7.8846910e-04
 -3.1292173e-01
 -2.4347493e-01
 -8.8172499e-04
 -1.8407261e+00
 -2.3246855e-01
 -1.2759545e+00
 -4.2356143e-04
  5.3731408e-03
  6.6157808e-03
 -4.1622553e-02
  1.7704031e-01
 -8.3957642e-01
 -5.7813412e-01
  2.0587210e-01
 -1.0922593e+00
 -1.5689645e-02
 -4.5094080e-03
  1.2104023e-03
 -9.2223957e-03
  3.0456699e-04
  1.4089141e-03
  1.0432523e-03
  2.5346640e-01
  2.8227273e-02
 -1.0840598e+00
  1.2015538e-01
 -2.1594422e+00
  5.9144162e-02
  1.9468266e+00
 -1.3754375e-02
  1.9455957e+00
 -1.2953613e-03
 -7.1513586e-02
 -1.6819092e-03
  1.4882177e-03
 -1.2904020e-01
 -4.5662679e-02
 -1.3153204e-01
 -2.5271490e-01
 -7.6226376e-02
 -1.9230892e-01
  1.9813482e-04
  2.5651435e-04
 -6.6102268e-03
 -2.4548626e-01
 -4.8073591e-03
  2.7948613e-03
  1.9839126e+00
 -2.6735745e-03
  7.6179796e-01
  7.5480151e-03
  2.8377727e-01
 -1.8224766e+00
 -4.9553001e-01
 -5.7656598e-01
  1.4738848e+00
 -8.8267535e-02
  9.2948222e-04
  1.1416055e+00
 -7.5542564e-03
  3.2445654e-02
  1.4012663e-02
 -5.5029523e-02
 -8.1005901e-01
  6.4865941e-01
  1.7233932e-01
  1.0220179e-03
 -2.2032231e-03
 -8.2479184e-03
  5.2976799e-03
 -2.3141534e-03
 -1.3882808e-02
  3.2498208e-03
  1.8139761e-03
  1.9934347e-03
  1.2713035e-03
 -3.5942969e-05
  4.8874342e-03
 -5.0318320e-03
 -6.5792823e-01
 -1.5255145e-04
  4.3533937e-06
 -3.7479780e-03
 -1.8570570e-03
 -1.7803613e-03
 -2.7807096e-03
  6.8009185e-04
 -1.1493801e-03
 -1.1119936e-04
 -4.4018952e-03
  8.5281191e-04
  2.7829043e-03
  1.2311047e-03
  1.8059773e-03
  9.6807973e-03
 -7.2376383e-04
 -1.6440438e-03
 -5.0434805e-03
  1.7860007e-03
  9.3897537e-04
 -2.2084974e-03
 -4.9308507e-04
 -1.4866388e-03
 -9.6265884e-04
 -3.8873879e-03
 -2.7379915e-03
  3.0585902e-03
 -7.7423779e-04
 -5.4212444e-04
  5.3446386e-03
  2.0642148e-03
  3.1234859e-03
 -3.5500352e-03
  3.9530362e-04
 -3.1443796e-04
 -1.4439789e-03
  1.4776608e-02
  1.1083175e-03
 -2.4102244e-05
 -1.6609493e-03
  7.8688579e-04
  1.5319831e-03
  1.8342229e-03
 -2.8686950e-03
 -3.2843063e-03
 -2.5484615e-03
 -4.1481797e-03
 -1.1096208e-03
 -2.2558488e-03
 -3.1942008e-03
  2.5072878e-03
 -1.3589759e-03
 -3.1521383e-03
  1.9836561e-03
  9.0458719e-03
  2.5353008e-03
  7.7434452e-03
 -2.9113118e-03
 -9.6659001e-04
 -3.6853828e-04
  3.1771106e-03
  7.9844019e-04
  3.2924020e-03
  7.1082386e-04
  1.6421961e-03
 -6.0276740e-04
  3.1537544e-03
  2.9838900e-03
  2.1717530e-03
 -4.3700106e-04
 -1.2452148e-03
  2.9833836e-03
  1.3058299e-03
  1.9900503e-03
  5.3113969e-03
  2.5170080e-03
 -3.1102982e-03
  2.8224937e-03
  2.9838483e-03
  5.1183422e-04
  1.0197235e-04
 -9.6171107e-03
 -4.5110346e-03
  4.8296781e-05
  5.0078873e-03
 -2.5895589e-03
 -1.5933381e-03
  8.8149670e-04
 -1.0226673e-02
 -3.0974840e-04
 -5.0538155e-04
  8.7292294e-04
  1.2063024e-03
 -7.3161931e-04
  7.5176391e-03
 -2.4511004e-03
 -2.1174545e-03
  1.7312717e-03
 -3.1541889e-03
 -3.7790944e-03
 -2.1950454e-03
  8.5017731e-04
  1.2147559e-05
  9.0189715e-04
  1.7348592e-03
  3.1443641e-03
  2.7069375e-03
 -3.3297488e-03
  4.0852802e-04
 -4.9419212e-04
 -3.2639627e-03
  8.1404615e-03
  2.4262166e-03
 -3.2647399e-04
 -3.5469956e-03
 -1.2020333e-03
  1.3422430e-03
  3.2954854e-03
  6.2297252e-03
 -2.8582469e-03
 -1.8708104e-03
  4.9904985e-03
  1.0717611e-03
 -2.4019419e-03
  6.1751745e-04
  5.7946988e-03
  1.0789951e-02
  4.0053157e-03
  2.6325067e-03
  2.0907962e-04
  6.0204417e-01
 -1.2851531e-03
  3.3478064e-03
  3.3226203e-02
  9.3454868e-04
 -3.8797318e-03
  2.5272951e-03
 -1.5064876e-01
  1.0777902e-04
 -3.7164570e-04
  1.3852603e-03
  3.5176759e-03
 -5.2400964e-04
 -1.0104419e-03
 -6.6491808e-03
 -6.9306046e-04
  7.0123854e-03
  7.5926067e-04
 -5.6445473e-03
  1.2500670e-05
  1.3108823e-02
  1.5627197e-03
  2.7682915e-04
  1.2465648e-03
 -1.8624129e-02
  1.2350086e-03
  5.6713759e-03
 -4.7563136e-04
  1.7487955e-03
 -3.1040891e-03
 -2.5915740e+00
 -5.3596151e-01
  3.0745271e-01
  1.0715841e+00
  2.0386398e+00
 -1.4376450e+00
  2.2346473e+00
 -1.4706337e+00
 -4.8104316e-01
 -1.0636984e+00
  1.1787592e+00
  3.4135339e-01
  2.1243746e+00
  2.1077441e-01
  3.5404164e-01
  1.2977866e+00
 -6.6268212e-01
  4.9115157e-01
  1.3572336e+00
  1.6300948e+00
 -4.1786972e-03
  1.3277096e+00
 -5.6176937e-01
  1.8812861e+00
  2.5370293e+00
 -7.5631011e-01
  7.3768687e-01
 -1.4865792e+00
  5.4626375e-01
  4.3864784e-01
 -3.9617729e-01
 -4.3832591e-01
  8.8020051e-01
  4.0280018e+00
  3.0182266e-01
  2.3397479e+00
 -1.7335663e+00
  4.0288314e-01
  4.0645951e-01
  2.5454226e-01
 -2.3953800e-01
  1.1794515e-02
  1.4595987e+00
  1.0943017e+00
  1.0102717e+00
  1.2361463e-01
  1.4242929e-03
  1.2932296e-04
  6.4068806e-01
 -3.9694938e-01
 -4.0492228e-01
 -2.7445168e-03
 -1.3488190e-01
 -5.3030685e-02
  2.4657464e-03
 -1.7434198e-03
 -5.2734995e-01
 -1.5577219e-03
  4.8787799e-03
  5.4727518e-04
 -2.7004520e-03
 -1.2163628e-03
  7.1219815e-04
 -1.5323718e-02
  1.1558007e-04
 -7.0719332e-03
 -7.8913936e-04
  2.9734750e-03
  9.6579653e-04
  7.9140050e-04
  1.9510885e-03
 -1.0196955e-03
  3.0247753e-03
 -3.8404383e-03
 -1.6540072e-03
  4.4672243e-02
  5.5153036e-01
  2.2633339e-03
  3.4300224e-03
  2.6462847e-04
  6.4224628e-04
 -9.3184953e-04
  7.6220850e-03
  4.5619644e-03
 -5.0446356e-04
  1.0626814e-02
  2.6766025e-03
  7.4278363e-03
 -6.3316172e-01
  2.9130734e-03
  1.2112946e-03
 -1.8005108e-03
  5.9905765e-03
  1.3604321e-03
  1.5933054e-02
  1.0192998e-03
  1.3123329e-03
  2.8983005e-03
 -1.0097704e-03
 -1.9993591e-03
  9.9631783e-04
 -2.7820803e-03
  6.1413867e-04
  6.3346798e-04
  6.9086771e-03
  1.9305905e-03
 -1.2186079e-03
  2.9005001e-03
 -2.6375493e-03
 -3.5994887e-02
  9.6521014e-04
  3.5955614e-01
  7.7888024e-01
 -3.4099761e-03
  7.7912056e-01
  1.4933346e-01
  2.2175075e-03
 -2.6752232e-03
 -1.4874421e-04
  1.4496853e-03
  1.4660384e-02
 -1.1124451e-03
 -6.2903611e-04
 -1.0921164e-02
 -1.9632085e-01
  3.4183806e-03
  1.7862117e-03
  2.0956094e-03
  3.6127169e-03
 -3.6270553e-03
  1.8986703e-03
  1.1251568e-03
  3.6706240e-04
  3.1125585e-02
 -3.1279747e-03
  2.1925613e-03
 -6.6587806e-02
 -3.4880720e-02
  7.5156170e-01
  2.4778599e-01
  4.9424247e-04
  6.8876572e-04
 -1.1374472e+00
 -9.6140699e-03
  2.4651282e-03
  1.0304418e-03
 -3.8151497e-03
 -2.4530096e-03
 -3.7583720e-04
  5.7833185e-03
  2.5071555e-03
  1.1272708e-01
 -6.7152985e-04
  7.9702800e-03
  1.8510591e-03
 -6.9641834e-03
 -2.1023753e-04
  3.0833163e-04
  1.7404348e-03
 -3.0536540e-03
 -1.4632781e-02
 -3.8348013e-04
  1.1208586e-03
  3.7966929e-03
  1.0898475e-01
  2.6669963e-03
 -1.2512485e-03
  1.6247758e-03
 -1.7882054e-03
 -8.4283948e-03
 -6.8108476e-04
 -1.4808849e-03
 -5.6512631e-03
 -2.2043393e-03
 -1.9902042e-03
  7.8515401e-03
  3.0605951e-03
  1.2932783e-03
  1.0843339e-03
  5.4895680e-04
  6.6279306e-04
 -4.7821715e-03
  6.7817536e-04
  8.4859980e-03
 -3.0826435e-03
 -5.3976040e-04
 -9.1994758e-04
 -3.4537420e-03
  2.6831443e-03
  3.1649359e-03
  1.9290716e-03
  5.6379978e-03
  7.2101024e-03
  1.8998178e-05
  6.6778972e-04
  2.7371997e-03
  5.2674362e-03
 -3.2678558e-03
 -7.0161452e-03
  2.2641858e-03
  1.3620395e-03
 -6.2203007e-03
  1.1219514e-03
 -2.0785232e-03
  3.0759089e-03
  4.4084801e-03
 -1.1488615e-04
  5.7760731e-04
  4.4710268e-03
  1.0869043e-02
 -2.1594865e-03
 -4.8254333e-03
 -4.3239704e-04
  2.8287242e-03
 -7.6083990e-04
  6.1978670e-03
 -9.6322289e-03
  6.5006614e-01
  2.0151669e-03
 -3.1287835e-03
 -2.1389956e-03
 -1.1468909e-03
  3.1083152e-03
 -1.6637903e-04
 -2.8132836e-03
 -2.8596353e-03
  7.5953132e-05
 -6.7020082e-03
 -3.4861676e-03
  1.5427645e-04
 -1.6806655e-03
  3.3985407e-04
  6.1630254e-04
  2.6071365e-03
 -5.7620701e-04
  1.2703597e-03
 -4.1485674e-04
 -7.7102827e-03
 -1.2949780e-03
 -1.0212827e-03
 -3.3783528e-04
 -1.4577663e-04
 -9.2618581e-04
  2.4097585e-04
 -1.7242705e-03
 -7.2800799e-04
 -2.0896122e-03
 -3.9161160e-04
  5.2134512e-04
  1.9021529e-03
  8.8871544e-04
  6.2106660e-04
  1.0229050e-02
  8.7900963e-03
  2.3759344e-04
  2.4721865e-04
 -1.9546042e-03
 -2.6841231e-03
 -4.8655737e-03
  2.7686355e-03
  3.0197089e-03
 -1.3253629e-03
 -9.1501995e-04
  3.1498793e-04
  4.5731818e-04
  8.6213270e-04
 -7.1107195e-04
 -1.6188140e-03
  8.9548538e-03
 -3.5983180e-03
 -1.3722049e-03
  5.8957865e-03
 -3.0720327e-03
  5.1550393e-04
  1.2660965e-03
  2.2732439e-03
  7.9850339e-05
  2.9155449e-04
  5.9590430e-04
 -7.8918431e-03
  6.0219818e-01
  1.4655295e-04
  3.7755176e-02
 -4.1052862e-03
  3.7948182e-03
 -1.2148431e-02
  1.9200969e-03
  5.2994664e-04
 -1.1985205e-03
  5.3035025e-03
 -5.8912253e-03
 -7.3683616e-03
  4.9052318e-04
  4.8920736e-03
 -2.2993954e-03
 -1.4203129e-03
  1.1994513e-04
  1.7499001e-03
  1.0263844e-03
  1.0354206e-04
  3.4081291e-03
  1.3438326e-03
 -2.0119455e-03
 -2.1359287e-03
 -4.0317765e-03
  1.1728489e-03
 -3.6723388e-04
  6.2915804e-03
 -3.9208040e-04
 -3.2465593e-03
  5.9862132e-03
  2.4102873e-03
  1.7419974e-03
 -6.0034748e-03
  1.8477287e-03
 -4.2098691e-03
  1.2913551e-03
 -3.9865584e-03
 -7.4544935e-03
 -2.5020260e-03
  5.9410715e-03
 -3.8781280e-03
 -1.1284869e-03
 -5.1216562e-03
  4.1132376e-02
  1.7411830e-01
 -1.3920420e+00
 -1.1137035e-03
 -3.8956326e-01
  4.8345318e-01
 -1.0973513e+00
  9.2891800e-01
 -3.4075505e-01
 -5.7041532e-01
 -5.8403790e-01
 -1.5574700e+00
  1.1237912e+00
  2.9962724e-01
  1.3137388e+00
 -1.4227835e-03
  4.4644234e-01
 -9.0504587e-01
 -3.7849909e-01
 -5.8561409e-01
 -1.7433075e-03
 -1.1914848e+00
  1.3626682e+00
 -7.6473254e-01
  1.4028087e+00
 -8.7969255e-01
  1.9278144e+00
 -2.7033642e-01
  1.5877569e-02
 -9.4648057e-01
 -1.6734371e-02
 -4.9058956e-01
  1.6787858e+00
 -1.0579486e+00
 -1.2351289e+00
  1.9116114e-01
 -7.6430970e-01
  2.0675373e+00
 -6.4737105e-01
  2.8467515e+00
 -3.4596586e+00
 -1.0121492e-01
 -1.7840774e+00
  7.9026401e-01
 -1.7234046e+00
 -8.1115204e-01
 -1.6509869e+00
  4.7566582e-02
 -1.0090462e+00
  1.2213440e+00
  6.4479113e-01
  7.4885052e-01
  7.2544068e-02
 -1.8898439e+00
 -8.6926115e-01
  6.2070388e-01
 -6.6265076e-01
  6.3376617e-01
  3.5843971e+00
  3.6126393e-01
 -7.3689049e-01
  6.5561157e-01
  2.6118129e-01
 -9.4590783e-02
 -2.6804851e-03
  6.9183274e-03
 -6.8786154e-05
 -7.5463182e-03
  2.7140297e-03
  2.8016826e-03
 -5.5831801e-03
 -2.1194550e-03
  2.6079980e-03
 -2.4068914e-01
 -7.6761325e-03
 -2.9944517e-03
 -4.9121171e-04
 -1.5067803e-03
  3.7735819e-03
 -1.0856684e-02
  8.8784186e-04
 -3.3707257e-02
  1.3080048e-03
  1.9403512e-03
 -1.7972358e-03
  2.4172687e-03
 -6.0549956e-03
  4.3151835e-03
 -6.0712700e-03
  1.2345872e-03
 -2.4309298e-03
  1.3270106e-03
  1.0356764e-02
 -2.9669536e-04
  3.7166197e-03
 -1.5518253e-03
  1.7770728e-02
 -1.1337556e-02
  3.9185712e-04
 -4.8220778e-04
  2.2960517e-03
  9.5473314e-03
 -9.2749214e-03
 -3.0050480e-03
 -4.0312205e-03
  8.0617685e-03
  1.6837842e-03
  3.7784791e-03
  3.0340519e-04
 -8.9771440e-03
  1.9619381e-03
  2.0285363e-03
  4.7710212e-04
  7.0223585e-03
  3.4780419e-03
 -2.3383698e-03
  3.0719487e-03
  1.9829101e-03
  5.3511238e-01
  3.0006480e-01
  6.0300416e-01
 -3.9284788e-02
  3.2587308e-03
  7.0573151e-01
 -1.3334292e+00
  1.0876783e+00
  9.2958301e-02
 -5.1412642e-01
 -2.8767262e-03
 -8.6418213e-03
 -1.4501549e-03
 -4.3290895e-01
 -4.3919930e-01
 -2.1013234e+00
  3.6879767e-02
 -1.4333864e-03
 -3.1897095e-03
 -5.8142376e-01
 -3.3279878e-01
  1.7491134e-02
 -5.9932035e-01
 -5.7689708e-01
 -3.2077436e+00
 -6.3391571e-04
 -3.7020618e-01
 -2.3874740e-01
 -3.5480866e-03
 -8.1934315e-01
 -7.2855597e-05
 -6.6069007e-01
 -1.2734140e+00
 -2.7687685e+00
  2.7202268e-04
 -1.0315268e-03
  8.4765081e-05
  1.0162094e-03
 -1.7507750e-01
 -2.8003482e-02
 -5.2797979e-01
 -1.0247042e+00
 -2.2875593e+00
  3.4603863e-03
 -3.3385542e-03
 -5.4049231e-03
 -4.8234845e-03
 -2.9834113e-03
 -8.1838825e-04
  1.9130938e-03
  6.2355683e-03
 -3.4286800e-01
  1.3698138e-03
 -1.0970640e-03
 -1.1901642e-03
 -7.5409631e-04
 -1.2744631e-03
  1.1917464e-02
  1.6874806e-03
 -1.0808089e-03
 -6.8974800e-02
 -1.5651321e-03
 -1.5591772e-03
  6.2731076e-03
  2.3543895e-03
  2.2651459e-04
  3.9495117e-04
  1.1898214e-02
 -1.6601338e-03
 -6.5803691e-04
  8.4337645e-04
  6.9880346e-03
 -3.2210022e-03
  5.9610524e-05
  1.0791649e-02
  1.6249593e-04
  7.7441530e-03
 -9.3584858e-06
  9.3090795e-03
  2.3846407e-03
  9.8662754e-04
 -4.8961360e-03
 -3.8129538e-03
  3.4722893e-03
 -4.6191321e-04
  4.5725042e-03
 -1.7663587e-02
  4.0339730e-03
  3.5570392e-03
  5.8216118e-04
 -2.3270440e-03
  6.5268818e-05
  2.6492256e-04
  4.2569393e-04
  2.2288053e-03
 -7.7248819e-04
  1.2992957e-03
 -1.3941184e-03
  2.0288571e-04
  6.8880455e-04
  2.5101530e-03
  5.3586881e-04
  9.8152354e-04
 -3.3260472e-03
  8.3122338e-04
  4.9983654e-03
  8.2534982e-04
 -4.5905975e-03
  4.9201623e-03
  1.5408106e-03
  5.4168412e-03
  2.4880783e-03
  7.3588145e-04
  3.6344363e-03
 -7.1717007e-04
 -8.8423537e-04
  1.9671450e-05
 -1.0899510e-03
  3.5063759e-04
 -5.8261142e-04
  5.6033552e-04
 -4.3180207e-04
 -3.4757687e-03
  9.4320596e-04
  8.1499491e-04
  3.3598379e-03
 -1.6058516e-03
  4.9736900e-03
  1.2828703e-03
  3.2771919e-03
  2.3169655e-03
 -2.0583801e-03
 -1.0144677e-03
 -1.0618131e-03
  9.7086030e-04
 -1.6490609e-04
  3.5580888e-03
 -5.8324821e-04
  1.3748882e-03
  2.1780471e-03
  1.1375572e-03
 -4.9878117e-03
 -3.5011666e-03
 -9.6169533e-04
  1.3835453e-03
 -5.2278135e-03
  2.0815118e-03
  1.6539179e-03
 -2.1792812e-05
  2.7954164e-03
 -1.2855631e-03
  1.8579193e-03
  2.7950623e-03
 -3.6330870e-03
  4.7037178e-03
  4.2033615e-03
 -7.5873232e-04
  3.2321370e-04
  1.6999001e-03
  5.6753997e-03
 -3.2683036e-03
  2.3730632e-03
  1.1623937e+00
 -1.4701753e-03
  5.1888335e-04
  4.4930390e-01
  1.8747467e-05
 -1.3498532e-03
 -5.5256361e-01
  1.0801436e-02
  1.7393240e-01
  1.7882127e-03
  3.9721266e-03
  1.1593278e-03
 -5.7671904e-03
  1.7702776e-03
  2.8056913e-05
 -2.3513737e-03
  2.7918626e-04
  1.5412209e-03
 -1.2053405e-04
  4.6467151e-02
  2.0846780e-03
 -7.5524731e-04
  4.4360780e-03
 -6.3420343e-04
  2.1035685e-03
  6.2200096e-03
 -2.5395625e-03
 -2.4026658e-03
 -2.4650231e-04
  4.3991589e-04
 -2.9790883e-03
  6.8325289e-02
 -1.1765087e-03
  4.1242260e-03
  9.1478450e-04
 -1.5410205e-03
 -4.9832341e-04
  1.0247041e-03
  2.9620477e-03
 -1.6139875e-03
  8.3419669e-04
 -1.6341236e-03
  2.9552320e-03
  4.0485626e-03
  5.8146785e-03
  8.3183742e-04
 -9.6924054e-03
  1.8076502e-03
  1.2216071e-03
  6.1215111e-04
  3.2721888e-03
  3.9677450e-04
 -3.0976164e-03
 -2.2299702e-03
 -6.0674928e-02
  1.9022645e-03
 -6.3834093e-03
 -1.2601173e-02
  1.4558842e-03
  1.6312257e-03
  2.5378990e-03
 -2.4739985e-01
 -3.4088889e-04
  1.0167363e-03
 -4.9586152e-04
 -4.2592885e-04
 -4.5473608e-03
 -3.5566054e-03
  2.1926524e-01
 -9.0798428e-03
  1.7079732e-03
 -4.5676786e-03
  6.3714101e-03
  8.5428567e-04
  9.7213773e-04
 -1.4943980e-03
  4.5215079e-04
 -6.3653253e-03
 -1.8072983e-03
  1.4574886e-03
  1.6790667e-03
 -2.6125862e-04
  3.5150424e-03
  1.4010329e-03
 -6.5276434e-04
 -2.1301869e-03
 -8.9819549e-04
 -7.6823314e-03
 -3.6704706e-03
 -3.4051659e-03
  1.8396384e-04
 -2.0741285e-03
 -1.2336893e-03
  2.8492934e-03
 -2.1627604e-03
 -1.0563699e-04
  6.8814654e-05
  3.4939807e-03
  3.5433576e-04
  2.2316072e-03
 -7.1646337e-04
 -3.4158963e-03
 -1.3904310e-03
 -8.2713267e-04
 -8.8360338e-03
  3.0428437e-03
 -3.9640494e-04
  4.1427473e-03
  4.5692548e-03
 -6.1385489e-01
  3.5925487e-03
  2.2642957e-02
  4.2435739e-04
 -2.3987456e-03
  2.5011280e-01
  1.7338087e-03
 -1.4930948e-04
  1.1153111e-03
  8.5651204e-03
 -4.9707512e-03
  3.8106062e-02
  1.9968969e-03
 -9.4210292e-04
  3.0575220e-03
 -1.5485364e-04
  3.0409435e-03
 -1.3952805e-03
  1.1459466e-03
 -2.4547703e-03
 -1.2300522e-03
  5.7740267e-03
 -3.0761790e-03
  2.3201612e-05
 -1.6243239e-03
 -1.5233179e-03
 -6.1218669e-03
 -5.3857467e-03
 -8.0195265e-03
  1.7105775e-02
  1.5774476e-03
  1.1290588e-03
  8.3430475e-03
  1.4815768e-03
 -3.1205595e-03
  7.0757105e-04
  4.7319141e-04
 -5.7101920e-03
 -2.2725249e-03
 -3.0034315e-04
  4.2507253e-03
  4.8945029e-04
 -5.4043508e-03
 -2.1014719e-03
 -1.8595062e-03
  9.0891588e-03
 -1.2898886e-04
  2.0227914e-03
 -2.2902016e-03
  6.3411547e-03
  2.0586704e-03
 -1.5041924e-02
 -3.5913400e-03
 -6.1361425e-02
 -6.1036664e-01
  4.5140069e-02
  2.6174900e-01
 -5.2998196e-02
 -1.0126984e+00
 -1.2494149e+00
  1.5388489e+00
 -3.0757648e-01
  6.6312671e-01
  4.7537485e-01
 -1.3087295e-03
  4.2517719e-01
  6.0401898e-02
 -5.3712387e-02
  3.4566149e-01
 -3.3396943e-03
  6.7877972e-01
 -2.8797353e-03
  8.9694356e-04
  5.5817910e-03
  2.0398363e-03
  4.3012476e-01
 -4.1686189e-01
  9.1917198e-03
 -2.6414755e-01
  1.9962886e-01
 -3.6403671e-01
 -2.6340282e-01
 -4.0247154e-01
  1.0364219e-03
  1.2755105e-01
 -4.8244804e-01
  6.1661601e-01
  5.1594153e-03
  1.5321892e-01
 -1.4416605e-03
 -3.4380934e-01
  1.0616002e-01
  9.2168522e-01
  1.1359531e-05
 -4.1738227e-01
  3.2793611e-02
  5.8787916e-02
  4.0601257e-02
  5.8453791e-03
  1.4008323e-03
  5.3491149e-05
  4.1615660e-03
  3.3578186e-03
 -1.8186594e-03
  6.5752435e-03
 -4.5146588e-03
 -7.2365925e-03
 -8.6539896e-04
 -1.7837194e-03
  1.6897795e-03
  3.0210844e-04
  8.4195554e-04
  2.8516359e-03
  6.8019927e-01
 -1.0197827e-01
  2.1977448e-03
 -9.8107406e-04
  7.6722223e-03
 -3.8766428e-03
 -5.3556630e-04
  6.8981084e-04
 -1.3780165e-03
  1.3722278e-03
 -7.3404532e-05
  1.2560812e-03
 -3.6386473e-03
  2.8921457e-04
  4.1542379e-03
 -5.7682558e-04
  1.8316001e-03
 -3.8427094e-03
 -1.5558093e-04
 -6.9004297e-03
 -5.2276975e-04
 -3.8913137e-03
 -3.4359791e-03
 -1.7970023e-04
  4.6653449e-04
  1.2082225e-03
  1.8424975e-03
  4.2107641e-03
  2.1300744e-03
 -1.9441033e-03
  1.1539822e-03
 -9.3344081e-04
  7.7048416e-04
 -2.0517453e-03
  1.4119585e-03
 -6.6965813e-04
 -1.0398570e-03
  6.4549665e-04
  3.6964891e-03
  2.4788815e-03
 -2.5624353e-03
 -2.7266755e-03
  4.6706339e-03
  2.6707863e-03
  1.1242751e-03
  2.2970741e-03
 -7.3135673e-04
  3.9690887e-03
  1.1396656e-02
 -6.3785389e-03
  2.9895259e-02
  2.0502058e-01
  1.2119289e-04
 -1.9558088e-03
 -5.7975748e-03
  3.6695372e-02
  4.7017271e-03
  2.4235320e-01
  5.6602401e-03
  3.4189352e-03
  3.2147579e-04
  7.9701497e-04
 -2.8963033e-03
  5.5996957e-03
  9.7172064e-01
  1.2641106e-02
  3.8158256e-03
 -1.7269222e-03
 -1.1032936e-03
 -3.3455037e-03
  7.9155425e-03
 -1.9158276e-04
  4.2485511e-03
 -6.2047836e-04
 -1.0612749e-03
  2.6710602e-03
  1.7119285e-03
 -2.4638511e-03
 -2.5362188e-03
  1.4980996e-02
 -1.6670863e-03
  4.3680644e-04
  2.5022803e-03
  1.9717444e-02
 -6.2535104e-04
 -5.5546951e-03
  1.9795280e-03
 -2.4731997e-03
  1.4933154e-03
 -7.6114904e-04
  6.6591096e-03
  3.1038334e-03
  1.1644319e-03
 -1.5175506e-03
 -2.6854867e-05
  9.4539562e-04
  9.3427353e-04
  2.3558566e-03
  4.4041540e-04
  1.9159520e-03
  3.9597224e-03
 -1.5232806e-03
 -3.2905740e-01
  1.7441954e-01
 -3.7652964e-04
 -2.3155773e-02
  1.7612472e-01
  3.2202013e-02
 -2.2538473e-01
 -3.5571970e-06
 -4.0910652e-01
 -5.0135040e-01
 -4.2962772e-03
 -1.3147416e-03
  1.8089541e-03
 -2.1703131e-02
 -1.0121212e-03
 -3.3652750e-01
  1.3062182e-03
 -1.1170104e-01
 -1.7706921e-02
  3.0182099e-03
  5.2819354e-03
  1.3641262e-03
 -2.7368090e-01
  6.5041371e-02
 -2.7904579e-01
  5.2799426e-02
 -4.1636374e-02
  4.9499902e-03
  1.1318620e-02
  5.8640796e-03
 -7.4782659e-04
 -3.8616773e-02
  1.3465389e-03
 -4.1761762e-01
  1.5494143e-04
 -7.9455487e-03
  1.5864728e-02
 -1.5649702e-04
  3.5216205e-04
  1.3117656e-03
  7.1678720e-03
  9.5829219e-03
 -6.5491132e-02
  6.3095154e-04
 -8.3338693e-03
  4.6393438e-03
  7.3460452e-03
  3.7315907e-03
 -2.4520066e-03
 -2.9290579e-03
  2.6690410e-03
 -1.9696455e-03
 -1.7048791e-03
  1.6355990e-03
 -8.3717696e-02
  1.1359304e-03
  1.5056563e-03
 -1.3910746e-03
  2.2062731e-03
 -8.2604412e-05
  5.9565121e-01
  4.3946091e-04
 -3.4125024e-04
  1.0595544e-03
  1.1772825e-03
 -1.3179018e-05
  2.8671536e-03
  2.3941139e-03
 -4.8460490e-03
 -7.1804724e-03
 -3.5388118e-03
  3.3894533e-03
  2.1070288e-03
  3.8846603e-03
 -3.5860538e-03
  7.2644134e-03
 -2.8882956e-03
  6.3476446e-03
 -4.1996292e-04
 -2.2425575e-03
 -4.3411055e-03
  2.1682121e-05
  8.2231630e-03
  3.5333788e-04
  2.2607001e-03
 -3.0074762e-03
  1.2406354e-03
 -7.6015654e-04
 -1.9621613e-04
  6.7577889e-04
 -1.4766979e-03
  6.1214999e-03
 -1.3526315e-02
  6.8254177e-03
 -6.4539048e-04
 -1.0911385e-03
  1.1042387e-03
  6.6231965e-04
  5.5247516e-04
 -4.4559119e-03
 -6.5511400e-03
 -1.6154105e-02
 -1.6932280e-03
  1.6897486e-03
  1.0134988e-02
 -5.8751777e-03
  4.9344540e-05
  1.9734208e-03
 -2.1792401e-03
 -6.5790489e-04
 -1.7184372e-03
  2.6764395e-03
  1.1542930e-03
 -2.2041737e-03
  1.4850610e-01
 -1.1452335e-03
  5.5142166e-03
  4.2529646e-03
 -1.4098465e-03
  1.9871360e-03
 -1.5115688e-04
  1.8391834e-03
 -2.6017895e-03
  3.7938920e-03
  1.5874155e-03
  6.7779925e-03
 -1.7980593e-03
  1.2549623e-03
 -3.5044090e-03
 -1.3810557e-03
  1.0491832e-02
 -6.7216525e-04
 -2.5893564e-03
 -1.1453942e-03
  6.3384776e-03
  1.6100111e-04
  6.2197875e-02
  5.8152983e-03
 -4.5191796e-04
  2.0129508e-03
 -1.8202408e-03
 -4.0200958e-04
  5.0111534e-04
  2.0192543e-03
 -7.1221166e-03
  1.6986328e-01
 -9.7878568e-04
  1.1614379e-03
  3.4490358e-03
  1.4061003e-03
 -3.6201163e-04
  6.1704372e-03
 -5.3239292e-03
  7.8544603e-04
  6.8644448e-03
  4.1200919e-03
  1.2247016e-03
  8.7515861e-03
 -1.3576572e-04
  1.7230260e-03
 -6.3360331e-04
  3.7512013e-03
  9.5471251e-01
 -8.4563576e-02
  2.0766824e-03
  2.8574310e-02
 -2.7899751e-01
  1.6863466e-03
  2.0768859e+00
 -2.5037998e-01
  8.4653735e-01
 -1.5460435e+00
 -1.0179489e-01
 -7.7431783e-04
 -1.2080869e-01
  1.8274359e-03
  1.3800297e-02
 -1.0911060e-02
 -4.0406993e-01
 -7.9253107e-01
  8.0645645e-05
 -6.6353735e-03
 -1.2648551e-02
  8.6532272e-03
 -4.3439627e-01
  6.3752204e-01
 -2.5090033e-01
  1.3469681e-01
  2.4542958e-04
  1.6137816e-01
  9.9856649e-03
  1.3040501e-01
  3.8544997e-03
 -3.2049526e-02
  3.1569219e-01
 -2.8172356e-01
  1.6269489e-03
  6.4915032e-05
  5.1561724e-03
  4.2982619e-02
  2.1692051e-04
  7.4633652e-01
 -1.1137704e-03
 -1.8871381e-03
  6.6671739e-03
 -3.7329319e-01
 -1.4789490e-02
  2.8925994e-03
 -5.9640333e-03
 -2.3269239e-01
 -2.4798498e-04
 -1.0454835e-03
  4.0352331e-03
  2.9352715e-03
  2.2905797e-03
  2.7702148e-03
  1.0599786e-03
  1.6364173e-04
  1.6921355e-03
  3.5481346e-03
 -2.8730850e-03
  1.3635542e-03
  1.2781720e-02
 -2.9143409e-03
 -6.7362748e-04
  9.6272575e-03
 -2.5058992e-04
  4.4660689e-03
  3.2213605e-03
  3.2972388e-03
  2.2575009e-04
 -1.6504640e-03
  1.2751470e-03
  5.5731940e-03
 -4.0773521e-03
  1.5490471e-03
 -5.9377629e-04
 -1.4291046e-03
 -4.4520578e-04
  7.0825242e-03
  4.9798191e-04
 -2.1758950e-03
  2.3367879e-04
  1.7451493e-03
  1.0151819e-03
 -1.9767832e-03
  5.5051729e-04
 -1.9145086e-03
 -9.5826969e-04
  3.5585102e-04
 -2.3046457e-03
 -3.4913640e-03
 -2.9339066e-03
  4.3305904e-03
  2.4385711e-03
 -2.6016214e-03
 -6.1027682e-04
 -2.0663533e-03
  1.9548953e-04
  1.4050286e-03
 -7.8752305e-04
 -2.0979631e-03
  1.4754524e-03
 -2.3607025e-03
 -1.5877805e-03
 -4.5657397e-04
 -6.8186177e-04
 -6.3477936e-03
  4.9879507e-04
 -4.2969943e-03
  3.4185380e-03
 -5.3196624e-03
  3.0546498e-03
  5.6844875e-03
  2.5064058e-03
  2.7742304e-03
 -4.0718226e-04
  4.9095261e-03
  1.1664775e-03
  1.6305887e-03
 -2.6078576e-03
  7.6608366e-04
  2.3414860e-03
  3.5423941e-03
  2.7676499e-03
  7.0999045e-04
  1.1663919e-03
 -1.3687517e-03
  1.3487737e-03
 -1.3113049e-03
 -2.6152630e-03
  1.7584695e-03
  1.4373247e-03
 -3.3094147e-03
  2.7457948e-03
 -2.1533759e-03
  3.6408936e-03
 -4.3298849e-03
 -1.3367326e-03
  1.2208491e-03
  4.1635004e-03
 -1.6228402e-03
 -2.8779812e-04
 -3.3154251e-04
 -1.4005071e-03
 -9.5997959e-05
 -5.4279325e-04
 -2.3445864e-03
 -1.5672117e-03
 -1.7842957e-03
  2.8155724e-04
  1.4977839e-03
  2.4310327e-03
  6.8618584e-04
 -5.0801137e-03
 -1.9045809e-03
  1.2951914e-03
 -1.8546305e-03
 -5.6740339e-03
 -2.3922715e-03
  3.9665628e-04
  2.5523799e-03
 -1.3108477e-03
  1.9039771e-04
  1.3370572e-01
  2.4528188e-01
 -1.4091562e+00
 -7.6127177e-01
  8.9155786e-02
  3.9209267e-01
  3.2096267e-01
  3.2671660e-01
 -5.1606804e-01
  9.6417684e-04
  8.0455039e-03
 -3.2365331e-01
 -1.1623351e-01
 -2.3270047e-03
  9.1602216e-03
 -1.1539288e-02
  9.3600497e-04
  1.0375988e-02
 -8.2599692e-04
  1.0831053e-03
 -5.2028964e-03
  8.2845031e-04
 -1.0755460e-02
  1.6390772e-04
 -1.2703634e-04
  5.6007195e-02
 -3.4364823e-03
  1.5756847e-02
  1.0463395e-02
  1.5308648e-02
 -2.0123732e-01
 -8.2215304e-03
 -4.8738363e-01
 -1.3855022e-02
 -1.4465900e-02
 -2.1562530e-02
  1.4997928e-03
  1.2106333e-02
  3.4713997e-03
  4.0723834e-02
 -3.0008282e-03
  4.0988140e-03
 -4.6332311e-03
  4.5196959e-01
 -8.5765676e-04
  6.2457885e-04
 -4.0941364e-03
 -1.0824337e-04
 -5.0898162e-03
 -3.0046948e-03
 -6.2920284e-01
  1.7941861e-04
 -3.8715869e-03
 -6.7195424e-04
  6.2640198e-04
  2.0305485e-04
 -2.2640206e-05
  9.8633894e-04
  3.5094665e-03
  7.0921850e-04
  2.3642303e-03
  2.7736928e-04
 -4.2661754e-03
 -5.0523062e-04
  4.6626086e-04
  4.3012848e-04
 -4.4076969e-03
  7.1545769e-03
  6.0487073e-03
  2.7223086e-01
  4.4519193e-03
 -6.0244570e-06
 -3.9454754e-03
  2.4193190e-03
 -2.0677338e-03
 -1.4045854e-03
  1.7818164e-03
 -5.7316845e-04
  2.3600668e-01
  4.9866661e-03
 -3.3893425e-03
  4.9940950e-01
 -2.6781234e-04
 -3.8647692e-04
  4.5004073e-03
  4.7858236e-03
  1.4142325e-03
  8.1614987e-04
 -3.0565719e-04
  2.9527082e-03
  1.8568548e-04
  1.9032230e-03
  1.3768255e-03
  1.2049727e-03
 -5.7964181e-03
 -1.1721369e-03
 -7.7825197e-04
  3.6281473e-03
 -1.0895696e-03
  1.8486493e-03
 -1.1074443e-03
 -8.4985653e-04
 -7.2502671e-03
 -3.9639560e-04
 -5.5984728e-04
 -1.1338317e-04
  3.9669145e-03
  1.3919569e-03
  1.4721144e+00
 -2.9820201e-01
 -4.2783218e-03
  1.3028630e-02
 -1.1502219e+00
  3.6722563e-02
  3.9918908e-01
 -5.2300528e-02
  5.7476878e-01
  7.3261893e-01
  1.7171075e-03
 -3.1010565e-01
  1.5009190e-01
  3.0604333e-01
 -5.7357240e-01
  1.3663176e+00
 -4.1254264e-01
  2.1303821e-04
  2.7089650e-03
 -3.3130132e-02
  3.6278948e-01
 -1.4889289e-02
  9.1586202e-01
 -4.3148127e-01
  1.4607557e+00
 -4.8901325e-01
  6.1154008e-01
 -7.0032108e-01
 -9.8984581e-01
 -6.2938637e-01
  2.5092280e-01
  1.0497203e+00
 -2.3965062e-01
  2.0786080e+00
  4.1392022e-01
  5.0513357e-01
 -1.0949581e-01
 -6.2390494e-01
 -7.5010844e-02
 -8.2085088e-02
  1.7390405e-01
 -3.2973972e-01
  1.3210509e+00
 -1.9914076e-02
  2.9541311e-01
 -4.0632434e-04
 -4.2000212e-04
 -2.6173018e-02
  2.1894796e-01
  2.0685012e-03
  1.1827074e-03
  3.3655336e-01
  1.5718825e-03
  2.6255327e-03
 -6.4410060e-04
  1.0106869e-02
 -9.7674727e-03
 -4.1009978e-04
  3.7497275e-03
 -1.4010615e-03
 -1.2702279e-02
 -7.0328740e-03
 -2.7197681e-03
 -3.4439631e-04
  6.4313863e-05
 -1.4780661e-04
 -6.6892253e-03
 -2.1303029e-01
  4.8159431e-03
 -6.1356404e-04
  6.4414055e-03
 -1.0497201e-03
  2.9280409e-03
 -8.9321827e-04
  1.0023006e-03
 -4.5091668e-03
 -3.3746335e-01
  3.6687299e-03
 -7.0910566e-03
  6.5233898e-03
 -1.0365197e-02
 -1.0075086e-03
 -1.4021181e-03
  2.6834642e-03
  2.1033522e-03
 -5.2807969e-03
  9.9061546e-04
 -3.0471697e-03
  3.6623478e-03
  1.4064929e-03
  2.2980948e-03
  5.5321510e-04
  6.1694318e-01
  3.1509376e-03
 -1.5374387e-03
  1.9825972e-03
 -3.6984554e-03
 -7.3660770e-04
  8.0659771e-03
 -9.4226829e-04
  3.1788326e-03
  1.1876490e-03
  1.4304854e-04
  4.2088898e-03
 -4.8845616e-04
  1.8506989e-02
  1.8271573e-03
 -3.0781538e-04
  2.7253300e-01
 -1.8932901e-03
 -1.0800972e-03
 -1.4738201e-01
  4.4343513e-03
  7.4136728e-01
  1.0153736e-01
 -3.3089768e-03
 -8.0426037e-02
 -6.8089985e-03
 -1.1288832e-03
  5.7966071e-03
  3.6131195e-03
 -2.3695049e-03
  3.9182156e-03
  1.3251898e-03
 -3.6561524e-03
 -2.5131304e-03
  4.9987918e-04
 -6.2292479e-03
  1.8557358e-03
  3.7396001e-03
 -6.0284054e-03
  6.7446206e-04
 -3.9748624e-03
  1.0789963e-02
 -2.5917189e-03
  1.5812434e-04
 -7.5580430e-04
 -4.7288593e-04
 -2.6614207e-03
  2.8395769e-04
  4.2731604e-03
 -2.5787868e-03
  3.4565402e-03
 -1.0942317e-02
  3.2407898e-04
 -3.1121415e-03
 -6.1062947e-03
 -4.4532917e-03
  6.8897998e-04
 -7.0826216e-03
  8.0406491e-04
 -2.2663577e-03
 -7.7973353e-03
 -4.6511008e-03
  2.6796246e-04
  1.5458941e-03
 -5.5985776e-04
 -4.5650685e-03
 -2.1384780e-03
  2.1014945e-03
  4.5557753e-03
 -1.4730488e-03
 -4.3059027e-01
  4.8966400e-02
 -6.4721394e-01
 -3.0829579e-01
  1.5363629e-01
  4.3232995e-01
  1.9453663e+00
 -3.9880183e-01
  4.2126688e-01
 -3.3299547e-01
 -2.0696597e-01
 -6.1045807e-02
  2.2477528e-01
 -2.7697837e-01
  4.4749442e-02
 -3.9010221e-01
  4.1120017e-01
  1.0911247e-02
 -6.5881228e-05
  1.1934066e-01
 -1.2940858e-03
  1.9881221e-02
 -3.7063319e-02
  7.6517187e-02
 -1.2499739e-02
  5.9193495e-04
 -9.7406819e-02
  1.2686920e-03
  2.2567968e-01
  2.0171495e-03
 -2.3866482e-01
 -4.3963306e-02
  3.9240387e-01
 -3.3234182e-01
 -1.7100838e-01
 -1.8268474e-03
  2.8419137e-01
  6.7419545e-03
 -6.6126431e-03
  2.0782594e-03
 -1.4701021e-02
  3.1122318e-01
 -2.6208861e-02
  7.3201269e-01
 -3.4079507e-03
  1.0602727e-03
  4.9165939e-03
 -1.7344170e-03
 -3.2221869e-02
 -7.7664288e-04
 -2.7005484e-03
  2.5917550e-03
 -3.9076348e-04
 -2.1896446e-03
  1.5149620e-01
  3.5257952e-03
  5.7561958e-01
  2.4499162e-01
  1.0633266e-02
 -2.4487594e-02
  8.5852966e-02
  2.0497379e-01
  3.4942532e-01
  5.6971699e-01
  3.1189767e-01
 -3.8774550e-04
  2.2035502e-03
  2.4033068e-02
 -1.1407713e-01
  7.5310394e-02
  1.8282766e-03
  9.6107170e-02
 -9.2151074e-04
 -3.2946477e-03
 -1.8623606e-03
  6.6093411e-03
  2.2948870e-01
 -2.7888048e-01
  2.5824230e-02
 -5.1522363e-02
  2.3073216e-01
 -1.7665312e-01
 -2.8075758e-01
 -3.3076640e-02
 -1.5663110e-03
  1.0675653e-01
 -3.6072549e-01
  4.0653864e-01
  2.3289821e-03
  1.5262485e-02
 -5.7289116e-02
 -1.2124577e-01
  7.1890298e-03
 -2.8326668e-02
  5.8245356e-03
 -2.0121343e-01
  3.6734372e-02
 -7.6922588e-04
  1.3965843e-02
  6.6347746e-03
  2.9095920e-04
 -1.6662457e-03
  6.7421552e-03
 -9.8155653e-03
 -3.2987283e-04
 -3.2213200e-03
  2.9144983e-03
  8.9494063e-04
  3.7844651e-04
 -7.8936550e-04
  1.3028742e-03
  3.5693506e-03
 -6.3508388e-04
 -1.6968871e-03
 -8.7137423e-02
 -2.1733409e-03
 -8.0663972e-03
 -9.1823231e-04
 -4.2728148e-03
  1.4073838e-03
  3.7553143e-03
 -1.6457806e-03
  4.4324389e-04
  2.2528009e-03
 -1.1257773e-04
  2.3014082e-03
 -2.2601812e-04
  8.9465693e-04
  1.9777759e-03
  7.1765139e-04
  1.1107742e-02
 -2.0728018e-03
  3.0083335e-03
 -1.1158297e-06
 -2.7205993e-04
 -1.9460355e-03
 -9.8283878e-03
 -3.4105548e-04
 -4.6335044e-04
  3.5990344e-03
 -2.5691633e-04
  1.6626667e-03
  3.7293616e-03
 -7.6373382e-03
 -2.1049895e-03
 -9.1051341e-05
 -3.8468663e-04
 -1.8511837e-02
 -8.6470395e-03
  1.2328092e-03
  5.1591699e-03
  6.4544007e-04
  1.0597183e-03
 -1.9762861e-03
 -1.0361379e-03
  1.8516704e-04
 -1.5459911e-03
  6.9087166e-03
  5.7205977e-04
  2.4635750e-01
  1.0550610e-03
 -9.3840907e-04
 -5.3017534e-02
 -4.4899266e-03
 -3.7847899e-03
  3.6507626e-03
  2.9033157e-03
 -1.1693909e-03
 -3.7093579e-03
  1.0098673e-03
  4.2564324e-01
 -2.1349927e-03
  8.2120643e-04
 -7.5514894e-03
  1.6010384e-04
 -2.8865358e-01
  1.9291132e-03
 -2.1241729e-03
 -3.5695275e-03
  2.7334213e-03
 -5.2560833e-03
 -7.9784141e-04
  6.2773665e-03
 -5.9862511e-04
  2.3865174e-03
  4.8492345e-04
 -4.9781176e-04
  3.1136796e-03
 -8.6966489e-04
  7.6622161e-04
  1.0757408e-04
 -1.8903126e-03
 -6.1197160e-04
  7.5442628e-03
 -2.6010845e-03
  1.1553249e-03
  3.3829096e-03
 -1.3293454e-03
 -1.1876047e-01
  1.1428803e-03
  4.8735803e-03
 -2.9624198e-04
  2.2382182e-03
  5.7630818e-03
  2.8968507e-03
 -8.7817368e-04
  1.6271516e-03
 -1.5270781e-04
  7.9065766e-03
  1.8857542e-03
  1.2331231e-03
  1.6400915e-03
 -1.7869171e-03
  4.1712546e-03
 -3.5255682e-03
 -2.6069332e-03
  3.2862712e-02
 -3.2532716e-01
 -4.9289456e-03
 -3.2243114e-03
 -5.0960681e-03
  2.1831924e-03
  1.1786202e+00
 -2.3427539e-02
 -1.0630891e-01
 -3.6239424e-01
 -1.7880473e-02
  8.3198296e-03
 -4.9163523e-04
 -9.2598600e-03
  3.0884752e-05
 -7.6770311e-04
 -1.2225283e-02
 -1.4083850e-01
 -8.9234783e-04
  2.8959902e-03
 -3.2175849e-03
  3.1614453e-03
 -2.2757012e-02
  2.2408296e-03
 -1.3251595e-03
  2.0623696e-03
  5.6239252e-04
  1.8479089e-03
  2.4715553e-03
  3.9584652e-04
 -1.4232360e-03
 -2.7654096e-03
  2.5553650e-03
 -3.4436204e-03
 -5.2838428e-03
  8.3583884e-04
  8.9438492e-03
  2.4882832e-03
 -6.3600605e-03
  3.3077624e-02
 -1.1045753e-03
  1.0046399e-05
  9.4584614e-04
 -1.6607704e-02
  4.5458279e-03
 -2.0215416e-02
 -2.3905233e-04
  3.3523636e-03
  4.0344903e-03
 -2.3762127e-04
 -4.2652985e-04
 -4.0748147e-03
 -1.4115934e-03
 -4.1551120e-03
  2.4720442e-01
 -2.2842094e-02
 -1.0231084e+00
 -1.7492026e-03
 -5.5117160e-01
  3.4750986e-03
  2.3996220e+00
 -1.1398900e-01
 -2.7024143e+00
 -2.7936542e-01
 -1.0205823e+00
  1.5758436e+00
  5.9443763e-03
 -2.3998679e-03
  2.4275516e-01
 -5.5105430e-01
  2.9763817e-03
 -3.9050555e-01
 -2.1007089e-03
 -9.3571138e-01
 -9.1888243e-01
  5.4014260e-01
 -6.5035409e-01
  3.5470885e-01
 -1.1826957e+00
  2.9943961e-01
 -1.7534226e-01
 -4.7296911e-05
 -4.2376732e-03
 -1.0605717e-04
  1.0722216e-01
 -2.3027509e-01
 -3.9793476e-03
 -1.0922525e+00
  1.6122594e-02
 -3.7941381e-03
  5.8313972e-01
  3.5108152e-01
  2.1176815e-01
  1.3487476e-02
 -3.5445602e-03
  7.3191620e-02
 -3.6799975e-02
 -3.0696064e-01
  3.2016886e-03
  1.6278069e-03
 -2.5741798e-03
  2.5151155e-04
 -1.1889099e-03
 -6.3401959e-03
  6.2088663e-04
 -1.0444692e-02
 -1.4391820e-03
 -2.6885197e-03
  3.9061450e-03
  8.4768953e-03
  1.4167888e-03
 -3.4625974e-04
 -1.0442461e-03
  2.5554327e-03
  8.2474150e-04
 -4.6674469e-03
 -5.4501346e-03
  2.2037106e-03
 -3.0642370e-04
  1.4486576e-03
 -4.3585878e-03
 -4.1009363e-04
 -3.6267872e-04
 -1.0410793e-03
  4.0625778e-04
  6.0870592e-04
 -4.0316125e-03
 -7.6022139e-03
 -2.1428079e-03
 -2.8501803e-03
  4.6540760e-03
  5.5296184e-04
  6.9789370e-03
 -1.4898097e-03
  1.5539972e-03
 -1.2507365e-03
 -2.1490746e-03
 -4.9908054e-03
 -1.1753801e-04
  8.1026275e-04
 -4.7672540e-03
 -1.4627035e-03
  1.5900407e-03
 -2.5332897e-04
 -1.2117147e-03
 -2.9924070e-03
 -2.1526108e-03
 -6.5772387e-04
 -1.2022986e-03
  4.1410563e-04
 -4.3054440e-04
  9.9062326e-04
 -1.4177476e-04
  6.9601025e-05
 -4.1690273e-03
 -1.0945302e-03
 -1.4351108e-03
  3.0360187e-03
 -4.1928333e-03
  2.3841304e-03
 -1.0788400e-03
 -2.0492655e-04
 -1.8026265e+00
  4.4422016e-01
 -2.4026926e+00
 -9.2012608e-01
  8.6864012e-01
  3.7903365e-01
  2.4395010e+00
 -1.3047969e+00
 -6.0569793e-01
 -1.0475667e-01
 -4.4131861e-03
  1.6515408e+00
  1.1750729e+00
 -1.3805962e+00
  8.0055064e-01
  1.2132272e-01
  1.3128336e-01
 -1.2971984e-01
 -8.5949205e-02
  4.6136524e-03
 -7.7276803e-03
  1.3358560e-01
 -4.3120035e-03
  1.2513692e+00
  3.8182765e-02
  1.9186324e-03
 -5.4324459e-02
  7.9234159e-01
  8.1689348e-03
  1.6824818e+00
  3.3140978e-01
 -9.4332464e-02
  1.1574020e+00
  6.4691501e-03
  3.0462769e-01
 -2.4503537e-01
  3.5081711e-01
  2.8014067e-01
  8.1933385e-01
  7.1410781e-01
 -1.3165595e-02
  1.2942146e+00
  1.0699859e-01
 -5.3466338e-01
 -1.7643656e-01
 -6.4225974e-03
  9.1992237e-04
  2.7946505e-04
  2.1411118e-03
 -2.2175482e-04
 -4.6596206e-03
 -2.3176374e-03
 -4.7025045e-05
  4.2558829e-03
 -1.7682188e-04
 -2.2753933e-03
  1.3274306e-03
  4.9460707e-03
  1.5424071e-04
  3.9312788e-03
 -6.6202777e-03
 -5.3041920e-05
 -4.0168837e-03
  1.6291353e-03
 -2.2694710e-04
  1.4514648e-03
 -1.3143795e-02
  4.3978504e-04
 -9.3958067e-04
  1.1755223e-03
  3.1399148e-04
 -6.4259227e-03
  9.0186921e-04
  5.3649931e-04
  6.5713550e-04
 -7.2854594e-04
  2.2142117e-03
 -2.8585072e-04
  3.3672345e-03
 -2.3266072e-03
  3.4918203e-03
 -2.0083385e-03
  1.4602134e-03
 -2.4301279e-04
 -2.8882497e-03
 -2.2638144e-03
 -2.6394383e-03
 -4.3708035e-03
  3.6192224e-03
 -1.9807012e-03
 -6.1375112e-03
  2.7378698e-04
 -1.2190473e-03
 -3.5480451e-04
 -1.1222525e-03
 -1.4456647e-03
  6.9189230e-03
 -3.1792416e-04
  1.2361215e-03
 -3.0491187e-03
 -3.7454546e-04
  2.6208591e-03
  5.7066614e-03
 -3.9197979e-03
  5.1456911e-04
 -3.2738529e-04
  3.4215180e-03
 -1.8071380e-04
  7.3041242e-01
 -5.7133240e-01
 -2.0989092e-01
  6.5774882e-01
  8.5551804e-01
 -1.4413066e+00
  7.5434071e-01
 -1.8657545e-02
  3.2467076e-01
  1.2804096e+00
  7.9946709e-04
 -1.0575242e-03
  6.4283431e-01
  6.6084042e-02
  5.4171089e-02
  1.1637985e+00
 -3.4548241e-01
  4.1070506e-03
  3.4648031e-01
  2.8261719e-03
  6.9304681e-01
  4.4127274e-01
  6.6990924e-01
  5.0035338e-03
  1.4437809e+00
 -6.7886233e-02
  3.8031641e-01
  9.4284129e-04
  3.7950503e-03
  2.8167477e-01
  3.6901593e-01
  5.6696790e-01
  3.7481450e-02
  1.5991513e+00
  4.2565814e-01
  3.5594988e-01
  7.4813950e-05
  5.4861145e-04
  8.6157387e-01
  7.1795571e-01
  2.3086035e-01
  1.9627713e-02
  9.7560304e-01
  2.4805602e-02
  2.2408789e-01
 -2.2021923e-04
 -2.6728676e-03
  6.1831316e-03
  1.3437830e-02
  2.9191459e-04
  6.5049710e-04
  3.3245995e-03
  1.3034339e-02
  8.1894553e-04
 -2.5069222e-01
  7.8954124e-01
  2.2378690e-03
 -2.0623955e-01
  2.4989885e-03
  6.2474657e-02
 -2.0770574e-01
 -4.1709119e-03
 -1.3238709e-01
 -4.0848508e-02
 -1.8088467e-02
  2.2111271e-04
 -2.3148775e-03
 -7.1679759e-03
 -1.0621969e-03
 -1.2729076e-01
  5.7000509e-03
  1.3109900e-03
  1.4149670e-03
  5.1497784e-03
 -1.0987701e-02
  3.0958459e-03
 -1.7271712e-04
 -4.3538562e-03
 -8.6543402e-03
  2.2908365e-03
  8.4247260e-04
  6.4808413e-02
 -6.9118640e-04
 -1.0340359e-03
 -1.3405397e-03
  1.4414367e-03
  1.3641414e-02
 -2.5937548e-02
  1.0031094e-03
  3.6157397e-04
  2.9569818e-03
  7.6373084e-03
 -9.5253385e-04
 -5.9248697e-02
 -8.3770845e-03
 -3.4157315e-04
 -4.3812683e-03
 -4.9392586e-03
 -1.8292868e-03
  9.7114098e-04
 -1.9834279e-03
  8.1086159e-04
  1.9801531e-03
  2.1975774e-03
 -4.5164494e-04
 -7.8336466e-03
  6.4283679e-04
 -1.3978560e-03
 -7.9270023e-01
 -2.1985233e+00
 -1.3529645e+00
  6.6140253e-04
 -7.4027425e-01
  1.4945501e-01
  1.2790372e+00
 -4.2492354e-01
  5.9422827e-01
 -1.6528356e-01
 -1.1054293e+00
  7.5668061e-01
  9.5528066e-01
  3.9445513e-01
  3.7327572e-04
  3.5103958e-03
  1.5330592e+00
 -2.4605362e-01
  1.1697694e+00
  4.7634214e-01
  9.2588359e-01
  1.7293442e+00
 -1.2452226e+00
 -4.1582104e-02
 -2.6262105e-03
  4.6183225e-02
  3.6953291e-01
 -2.4519959e-03
 -3.9343071e-01
  5.3521208e-03
  1.3603575e+00
 -3.8715392e-01
 -5.4163146e-01
 -1.5921737e+00
  1.1518350e+00
 -1.4287995e-03
  2.8056163e-01
 -2.1508102e-01
  5.1402152e-01
  7.6907367e-01
  1.8149815e-01
  3.1524894e-01
 -1.1530334e+00
 -1.7635734e-01
  4.9973574e-01
 -6.7360187e-01
 -2.3286000e-03
  1.9841467e-04
 -1.4187768e+00
  9.1159716e-02
  1.8848121e+00
 -2.0367414e-01
 -4.3569288e-01
 -1.3923808e+00
  2.1141746e+00
  1.0809911e-01
  1.2918556e-01
 -4.1434222e-01
 -1.1728917e+00
 -1.0880176e-03
 -2.6267929e+00
 -2.8042435e-03
  1.1439253e+00
 -3.1061575e-01
  1.7066275e+00
  1.7522623e-01
 -2.1495774e-01
 -8.1352368e-02
 -1.3217442e+00
  8.9529538e-01
 -7.2350645e-01
 -1.0773925e-03
  8.6338082e-03
 -7.4633271e-01
  2.9952442e-03
 -2.7757077e-04
 -1.9897162e-03
 -2.6728806e+00
  1.3496513e-03
 -1.3540686e+00
  1.1268021e-03
 -3.6308121e-02
 -1.9533181e-01
  1.0574652e-02
  3.9222976e-03
  6.6485548e-01
  1.5049285e+00
 -1.3776760e+00
  2.2755690e+00
  1.4769553e-01
  3.0802513e-02
  1.1803637e+00
 -1.0261754e+00
 -1.0748728e-03
  1.8211943e-03
  3.5783861e-02
 -8.0393600e-01
  2.2745442e+00
  1.8131580e-03
 -3.6691999e-04
 -1.2463117e-01
 -1.2867614e-03
 -2.7856810e-03
 -1.0303056e+00
 -2.5820434e+00
  2.8322402e-01
 -2.4707477e+00
 -1.6986109e-01
 -8.6280837e-04
  8.4021622e-01
 -6.5626064e-03
  1.8826202e-03
 -4.7609569e-06
 -7.0739639e-01
 -9.9923223e-02
 -1.3073763e+00
 -3.3351090e-03
  2.5514478e-03
  3.5423398e+00
  1.4898175e-01
 -8.5957743e-02
  2.9505685e-01
  9.8165327e-01
  8.0712378e-01
  6.0710126e-01
  2.6963419e-01
  8.1090685e-03
  1.2648304e+00
 -5.3377908e-01
  1.7581320e-01
 -6.5314060e-01
  1.3046372e+00
  5.7183391e-01
  5.2830833e-01
 -1.0750854e-02
  1.2914472e-02
 -2.6461539e-01
  1.2511972e+00
 -3.4602819e-04
 -8.6197956e-03
  6.6718149e-01
  5.3800307e-03
 -4.6376872e-01
 -3.9066774e-01
  1.1218744e-02
  9.0593528e-03
 -1.7167203e-01
 -3.5421646e-01
 -1.0675792e+00
  1.0695074e-01
 -1.1530741e-01
 -2.1178060e+00
 -3.7879285e-03
 -2.9545715e-03
 -1.3847783e-01
 -4.1167143e-01
  1.4087557e-03
 -1.3790172e-01
 -1.4171565e-04
 -6.2398431e-03
 -1.8103667e-01
 -4.3379883e-03
  1.1486604e-03
 -4.3038628e-01
  8.9923687e-02
  5.4333918e-03
 -8.2351326e-04
  3.2213800e-02
  1.7053238e-03
  7.0196980e-01
 -3.9670593e-03
  1.0974117e-03
  7.5806934e-01
 -2.4962817e-01
 -4.8798630e-03
 -1.1288855e+00
  1.4431266e-01
 -6.3225418e-01
 -6.7198133e-01
 -5.0246413e-03
 -7.3280563e-03
 -1.3622065e+00
 -1.0750722e+00
 -3.3219466e-01
 -5.3611249e-01
 -8.8940850e-03
 -1.0722243e-01
 -7.5094044e-01
 -8.1179565e-01
 -1.9857092e-03
 -8.1175148e-01
 -4.2330190e-03
  3.8604101e-03
 -2.5749963e-04
  1.6692220e-03
  2.5178343e-02
 -4.7350191e-02
  1.3631400e-02
  9.6735032e-04
  3.3548787e-01
 -1.6348167e-01
 -1.3039128e-03
 -1.0593026e+00
  3.7332201e-01
 -4.4267410e-01
 -4.9505536e-03
 -8.6187094e-02
 -1.0742819e-05
 -4.9129371e-02
 -3.4622011e-01
 -1.1601897e-01
 -3.0672216e-01
  4.3597487e-01
 -5.5784744e-01
 -6.1684299e-01
 -9.6182609e-03
  2.3287599e-04
  3.6681107e-01
 -2.5250921e-01
 -2.4415314e-04
  6.7540102e-02
 -4.4131794e-04
  2.7479127e-03
 -6.2516779e-01
  5.3200163e-03
 -1.2297898e-03
  2.9923701e-01
 -8.7844051e-02
 -2.3164155e-01
 -9.3139052e-02
 -1.1236359e+00
 -2.8724810e-01
 -4.0609222e-02
  1.2512094e-03
 -2.3320529e-03
  6.2434274e-01
 -1.7618047e-01
 -6.4230599e-03
 -2.0902860e-01
 -3.9900655e-01
 -9.7399615e-02
  3.7639623e-04
 -5.9257317e-02
 -1.0059996e-02
 -5.3425229e-01
  3.4701772e-02
  5.5823857e-03
  5.1966035e-03
  2.2269103e-03
  1.5106502e-02
 -7.3899617e-03
  7.9695737e-01
  2.9683346e-01
  1.9104004e+00
 -1.8544325e-01
  5.3150197e-03
 -4.0341532e-03
 -1.0019859e+00
 -7.5135952e-01
 -1.5888694e-03
  2.9848999e-04
  1.9669186e-03
 -1.8697888e-01
 -7.2426546e-01
 -2.1316200e-01
 -7.4103826e-01
 -9.7327483e-01
 -4.9133062e-01
 -5.2204235e-03
 -5.5431968e-01
 -1.5970048e-01
 -6.4507061e-01
 -1.0637914e+00
  3.4571637e-03
 -1.5274670e-04
 -3.4899167e-03
  6.2205112e-01
  6.1127961e-01
  5.3026962e-01
  2.9284932e-02
  1.9105859e+00
 -6.3427292e-02
 -3.8055587e-01
 -1.1488821e-01
 -5.2433491e-01
 -1.1140478e+00
  1.7200975e-02
 -2.3460153e-03
  9.2437238e-02
 -1.2599728e+00
  9.0093166e-03
  3.0260880e-03
 -6.9262058e-02
 -4.4408124e-02
 -2.1236424e-01
 -1.4238455e+00
 -5.0524315e-03
 -1.4274837e-03
 -2.0875630e+00
 -1.2163276e-01
 -7.3375972e-04
 -3.7756613e-03
 -4.7423658e-01
  6.1720604e-01
  1.6682187e-02
 -1.6808546e+00
 -4.9113235e-01
 -6.3053769e-01
 -1.7067069e-01
  5.9746206e-02
 -6.2850094e-01
  1.1838489e+00
 -4.3596007e-02
  2.2554631e+00
  4.4419300e-02
 -2.0778512e-03
 -1.5374537e+00
  8.3201227e-04
  7.1287500e-03
  1.9040221e-03
  2.6503375e-03
  3.2707015e-03
  2.0325551e-02
 -6.0335933e-03
  3.4199208e-03
  7.0084697e-01
 -6.4394884e-03
 -1.0462805e-03
 -3.8364938e-01
  1.4138505e-03
  1.2426288e-01
 -4.9901849e-01
  3.8431271e-03
  4.4397837e-03
  1.1563654e+00
 -3.4456481e-03
  7.3549105e-04
  3.3206369e-03
 -2.7562693e-01
  1.3116364e-01
 -6.8734503e-01
 -3.2412247e-03
 -1.9344030e-03
  2.0681400e+00
  5.7949805e-01
  3.1281927e-01
  3.6111948e-01
  1.5699790e-01
 -9.7356603e-02
  5.1177675e-01
 -6.9374964e-02
  3.9466186e-03
  2.6376362e+00
  6.0408487e-04
 -9.8733669e-03
  4.0025458e-02
  2.8369846e+00
  6.3355468e-02
  5.1083308e-01
  2.6782088e-03
 -2.3680985e-04
  6.5732920e-01
 -3.0419471e-02
 -7.4481090e-05
 -2.8955099e-01
 -3.9074626e-02
 -5.5049695e-02
 -1.9205945e-03
  7.6728664e-02
  6.5326332e-03
 -3.3597955e-01
 -4.6597004e-01
  3.3862141e-03
  2.1345932e-03
 -1.9683291e+00
 -2.0473717e-02
 -6.4455634e-01
 -1.6334717e-01
  1.1767901e-03
 -3.2075460e+00
 -1.0584608e+00
 -1.2240531e-03
  1.7829850e-02
 -1.9064671e+00
 -7.2345030e-01
 -9.1287774e-01
 -6.9510317e-03
  6.8733509e-04
 -3.5996220e-01
 -2.4812584e-01
 -2.9801282e-01
  2.9316303e-01
 -2.6296055e-02
  7.9429820e-02
  3.1454763e-01
 -1.1613349e-02
 -1.3040278e-02
  1.0369151e+00
 -4.0105963e-03
  5.2647591e-03
  1.4217333e-03
  3.6162332e-01
 -4.2309202e-03
  8.6159660e-03
  4.5941616e-04
 -1.4446842e-03
 -3.4732990e-02
  6.0570240e-03
 -1.2160795e-01
 -2.6806339e-03
 -7.8650284e-01
  6.0522437e-01
 -1.6675454e-01
 -1.6755879e-02
 -7.4412334e-03
  2.3017696e-03
 -6.0310763e-01
 -4.2036152e-01
  2.2054375e-03
 -3.5750762e-01
 -1.5833736e-03
  8.5097373e-02
 -4.1538547e-03
 -2.2637907e-02
 -8.5736448e-01
 -9.3542241e-02
  1.7361918e-03
  1.6219629e-01
  2.3009056e-01
 -2.5823016e-03
  3.9286786e-01
  5.3067631e-01
  4.5041298e-04
 -1.9230907e+00
  2.9107696e-01
 -7.9150192e-02
  3.0390621e-04
  2.7705138e+00
 -2.2647941e-02
 -7.8025275e-01
 -1.0828034e-03
 -2.0312152e-03
  7.2924864e-01
 -4.0224051e-01
 -1.2985880e-02
 -5.2223849e-01
 -8.3539498e-01
  9.8267573e-01
 -2.9513314e+00
 -1.5841408e-01
  6.5311319e-03
 -1.1180004e+00
 -9.3064541e-01
 -5.5007609e-03
 -8.0169411e-04
 -1.3020124e+00
  1.5572849e-02
 -4.0577248e-01
  5.2092766e-04
 -7.1370939e-04
  4.9775887e-02
  1.5077572e-01
 -2.7790344e-01
  3.0110383e-01
  4.5209849e-01
 -3.7432173e-01
 -8.1247026e-01
  8.6659077e-04
 -1.8732644e-03
  1.1619056e+00
  6.8086988e-01
  2.3805106e-03
 -5.6943676e-04
  1.2056842e-01
 -8.6738241e-01
 -6.9964862e-01
 -3.5225239e-01
 -1.5723889e+00
 -1.5689063e+00
  5.6746914e-03
 -5.6707067e-04
  4.3075280e-03
 -3.2263284e-03
  7.0462067e-04
  2.4356657e-01
 -4.4447831e-03
  3.1197020e-03
 -2.3891063e+00
  9.0641616e-04
 -3.0271716e-03
 -1.1352899e-02
  4.2211515e-01
 -1.6015731e-01
  4.5679119e-01
  1.2709849e-01
  8.2823669e-04
 -1.4997723e+00
  1.5282030e-03
  9.9309743e-04
  1.9194557e-03
  2.3016559e-01
 -1.2943372e-01
  5.5422831e-02
 -4.2087880e-01
  1.2607190e-03
  2.3625071e+00
  2.6666799e-03
  1.3674974e-03
  1.3423732e-02
  2.1001282e-03
 -5.9243745e-01
 -2.5573377e-02
 -3.0863376e-02
 -4.8718277e-02
 -6.1633986e-01
 -1.7417036e-03
 -1.1640965e-01
  5.3238898e-04
  4.3905208e-01
  2.3759513e-03
 -5.1759493e-02
  6.0663706e-01
  2.3668800e-02
 -1.3179123e+00
 -1.2944539e-03
 -2.5562120e-03
  3.3504861e-05
 -4.4470033e-01
  4.2779036e-03
  6.6076763e-02
 -2.3725353e-01
 -2.0165003e-03
  3.4264889e-01
 -4.2353966e-04
  5.2508869e-04
 -7.9852762e-04
  4.8297933e-01
 -1.3603157e+00
  3.9810282e-01
 -3.8271606e-02
  1.0463637e+00
  1.8669664e+00
  1.3810016e-03
  2.6465305e-03
  1.4485009e-01
  3.4122074e-01
  4.2026950e-04
  1.9129963e-01
  3.4315906e-02
  8.2999289e-02
 -4.7797963e-01
  7.6895064e-01
 -3.4948525e-01
  1.6203573e+00
  1.0777720e+00
  3.3962741e-01
 -3.5445607e-01
  5.7175314e-01
  1.7183373e+00
  3.1499606e-01
 -1.0926497e+00
 -1.1521753e-01
 -2.8321055e-01
  6.9101095e-01
 -1.8220600e+00
  1.2649889e-01
  5.2214807e-01
  5.2823484e-02
  1.6452838e+00
  1.7217950e+00
  3.3905998e-01
  6.0803223e-01
 -1.5613692e+00
  1.1005604e+00
 -2.0767958e+00
 -6.6512430e-01
 -4.9652591e-01
  1.2893160e-01
  7.5271690e-01
  8.1269532e-01
  1.2275388e-01
 -1.5547754e+00
  7.9494178e-01
  9.8586452e-01
  1.1334229e-01
 -4.6599218e-01
  1.3817233e+00
 -2.6272321e+00
 -2.4390803e-01
 -1.2198614e+00
  1.8049276e+00
 -6.6306955e-01
  7.7012740e-02
  8.3992636e-01
  6.9412506e-01
 -4.0805629e-01
  1.0787261e-01
 -3.3108759e-04
  4.6046612e-01
  3.4629250e-01
  3.8717639e-01
 -3.3604211e-04
 -6.7853796e-01
 -1.6366929e-01
 -9.1470487e-02
  1.2248741e+00
 -3.7466496e-01
  2.4603724e-01
 -3.6909169e-01
  4.9468884e-01
 -8.7447334e-03
  2.0773950e-01
 -4.3703359e-02
  5.5850291e-01
  1.6293304e-01
  8.5350031e-01
  1.9785854e-01
 -9.2150086e-01
 -2.1020234e+00
 -6.9855577e-01
  1.8743641e+00
  4.3708561e-03
  1.5120249e+00
 -1.0632180e-01
  2.1584364e-04
 -1.7072766e+00
 -9.6131063e-01
 -1.8469305e+00
  1.7005535e+00
  1.6547221e-01
  1.6505556e-01
  1.0920408e+00
 -1.1386659e-03
 -4.7380310e-03
  5.7544033e-03
 -7.4528378e-01
  2.3369286e+00
 -2.6015792e+00
 -2.8618658e-03
  1.1692342e-03
  1.2484350e+00
  2.9044380e-04
 -1.6823348e-04
  6.6076510e-04
 -3.5028601e+00
 -1.4301100e-03
 -7.7711564e-01
 -3.8028374e-02
 -7.3653571e-02
  2.6342943e-02
 -1.9054775e-04
 -1.5441114e-03
 -1.6549951e-03
  1.1586808e+00
 -2.8907079e-01
  1.5016366e+00
  2.4749568e-01
  1.4730667e-02
 -1.7898348e-01
  1.4761699e-03
 -1.0455713e-01
 -6.8191552e-01
  1.1831124e+00
 -5.4230821e-01
  4.7847483e-01
 -1.6488333e-01
  1.3293170e+00
 -7.5524402e-01
 -6.5090833e-04
 -1.2883936e-03
  7.4776454e-04
 -1.6382849e+00
 -2.6862893e-02
 -7.4830168e-01
 -1.8936807e+00
 -1.0636426e-01
 -4.9120215e-01
  6.4347214e-03
  1.8781002e-03
 -4.7359485e-03
 -1.2038121e+00
 -1.4643409e+00
  1.1843456e+00
  2.1701735e-01
  5.2565164e-03
  2.6762605e-01
 -1.0982782e-02
 -2.2015443e-04
 -9.5142075e-04
 -2.8155297e-01
  2.1514328e-01
 -1.3278900e+00
  8.8812122e-03
  3.5690903e-03
 -1.5873023e+00
  2.6211517e-03
  1.1700360e-03
 -1.0769339e-02
 -4.4984701e-01
  9.2675549e-01
 -2.0180149e+00
 -2.5960541e-01
 -1.8644631e-03
 -3.3304356e-02
  1.1176523e-03
 -2.4228862e-03
  1.0367823e-03
 -1.8199492e-01
  1.1805535e-03
  1.7082356e-01
 -1.6057417e-01
 -3.0020159e-03
  3.5715961e-01
 -9.8080260e-01
 -1.5662577e-02
 -1.2537504e+00
 -3.5940081e-01
 -7.8414363e-04
  3.6092927e-03
  1.1527327e-02
  8.0671243e-02
 -2.0101552e+00
 -9.8326868e-01
 -7.7140987e-02
 -1.9908239e-01
  4.1902784e-01
  1.6491539e-03
 -2.8937303e-03
  3.5919102e-03
 -4.6699762e-04
  1.5087137e-01
  4.2104799e-01
  2.1186283e-01
  1.5075790e+00
  1.9100774e-03
  3.2987597e-03
  1.2830613e-03
  2.5658479e-02
  1.6347157e-03
 -6.7475832e-01
 -6.2097471e-02
 -8.8414021e-02
 -5.7941931e-01
  2.4007060e-02
  9.7538112e-03
  8.6441012e-03
 -6.3632801e-03
  7.4638748e-03
  1.3415158e-01
 -1.2100372e+00
 -7.2699958e-01
 -2.3862922e+00
 -1.2007736e-02
 -3.1959207e-03
  1.4436669e-03
  1.9455001e-02
  3.9373008e-03
 -5.1631844e-01
 -1.6270617e-01
  2.5496721e-01
 -5.3411507e-04
  2.5926327e-04
  3.7629652e-05
 -2.6313732e-03
  5.2286085e-02
  2.3638108e-03
  9.7765803e-01
  1.5190099e-01
 -1.6464418e-01
 -4.8821044e-01
 -4.6105438e-04
 -8.0065121e-04
  4.6515563e-03
 -4.1325637e-03
  2.5595179e-01
 -4.5819634e-01
  4.1768470e-01
  1.3375763e-02
 -1.8152611e+00
  1.7218465e-01
 -1.4383473e-03
  1.5358402e-03
  9.0962875e-01
  3.2060674e-01
  1.5207269e+00
 -2.4302561e+00
 -1.3387012e-01
 -2.5557815e-03
  2.3357333e-03
 -2.5413716e-03
  2.4645110e-03
 -1.6647915e-03
  2.3086176e+00
 -7.3431361e-01
 -5.0540012e-01
 -1.6641839e-03
  1.1429818e-01
 -1.6401459e-01
 -4.5625126e-01
 -7.8788489e-01
 -8.2983232e-01
 -5.7625830e-01
 -3.3180037e+00
  1.9712967e-03
  1.5294886e-02
  1.3633555e-01
 -7.5420398e-01
 -7.5630419e-04
 -1.0947171e+00
 -6.2911105e-01
 -5.4663175e-01
 -4.6998850e-01
 -1.3974957e-02
 -1.3613351e-01
 -1.5687227e-01
  3.8864672e-01
  4.8458789e-02
 -1.9797315e-03
  9.0261829e-01
  1.4664335e+00
  2.7375698e+00
 -4.5813867e-01
 -4.0854681e-02
  8.3642115e-04
 -3.3349735e-03
 -7.7578688e-01
 -1.0413966e-01
 -4.2145312e-01
 -3.7831125e-01
 -5.8045820e-04
  1.9307961e-01
  8.6334306e-01
  1.2481899e+00
 -1.7879397e+00
  1.4267224e-01
  4.6261454e-01
 -1.4706148e+00
 -2.6144209e+00
 -7.9801232e-01
 -2.5833505e-01
 -2.9629457e-01
  2.9755454e-03
 -7.3757923e-01
  1.8560690e+00
  5.4541200e-01
  3.4061661e-01
  4.9709576e-01
  2.7090010e-01
 -4.2702612e-02
 -1.5461925e-01
 -7.0700693e-01
 -5.7975799e-01
 -3.8257980e-01
 -7.8086489e-01
  5.1567145e-04
  5.8838300e-04
 -3.5719916e-03
  9.3785770e-02
  9.9332172e-01
  1.6542949e-01
 -5.6682702e-02
 -1.0404546e+00
 -1.1503675e-01
 -5.1054478e-01
 -7.1811014e-01
 -1.3046072e-01
 -1.5886004e+00
 -2.9449740e-01
  1.2573217e+00
 -1.5245520e-01
  2.0526522e-01
 -3.7758416e-03
 -6.2189060e-01
 -6.5238714e-01
 -3.5594279e-01
  1.0064371e+00
  1.3197671e+00
  8.6198461e-01
  2.9720721e-01
 -6.6506422e-01
 -7.6536411e-01
 -4.3764663e-01
 -4.7322106e-01
  4.0584230e-01
  1.3326113e-01
  9.4531870e-01
  2.7012902e-01
 -9.4127631e-01
 -1.1343402e+00
 -1.3205343e-01
 -2.8860784e-01
 -3.8916489e-01
 -7.3826761e-04
 -3.8269407e-03
 -4.3871161e-01
 -2.5695437e-03
 -4.9408770e-04
  2.6922381e+00
 -1.7380540e-01
  1.8173262e-01
  5.6417655e-02
  9.8398067e-03
  1.4353534e+00
  1.2399447e+00
  1.4526772e+00
  1.4641526e+00
 -3.8425049e-01
  5.9653148e-02
 -5.2185547e-01
 -1.1591678e-02
  7.8503215e-01
  2.8315211e-02
  2.3157763e+00
  4.4043977e-03
  1.6852149e+00
 -2.8221776e+00
 -8.8460362e-01
 -1.2578554e+00
 -1.8114877e+00
  2.4634331e-01
 -1.0682437e-01
 -1.8761192e-01
 -1.3264039e-01
 -2.3146660e+00
 -1.0360962e+00
 -6.7681086e-01
  4.5750788e-01
 -4.6121026e-04
 -9.9244318e-04
  1.5194761e+00
  2.9982406e-01
  9.8647344e-01
 -7.7918684e-01
 -9.0841800e-01
  9.1565130e-03
 -5.5408126e-01
  1.7536792e-01
  3.4358627e-01
  9.4877303e-02
  8.1105965e-01
  7.1059668e-01
  1.0381714e+00
 -1.7618153e+00
 -6.7693323e-02
 -7.9193795e-01
 -8.0540556e-01
  8.6110802e-03
  1.1667769e-01
  9.8373783e-01
  6.9880627e-02
 -2.9254678e-01
 -2.8648472e-01
 -5.1773834e-01
 -2.2719522e-01
 -1.1611733e+00
 -2.5892822e-04
 -2.0062034e-01
 -1.0089947e-01
 -8.9551729e-01
  2.7621624e-01
 -2.2122981e-03
  1.0919989e-03
 -9.7763166e-02
  5.9771462e-04
 -1.4665733e-01
 -1.8544010e+00
  9.9660829e-03
 -6.0469878e-01
 -1.3603964e-03
 -5.2055222e-04
 -1.0070895e-01
 -9.3232918e-01
 -6.6326135e-03
 -5.4771858e-01
  9.5748532e-01
  7.2615303e-04
  1.3040525e-02
  3.9509051e-03
 -4.0620532e-02
  1.6657139e-01
  1.2811153e+00
  1.3859835e-04
  1.3855822e+00
  1.4761586e-01
 -1.2784808e+00
 -1.2787053e-03
  7.6924270e-01
  3.3819798e-01
  7.3047556e-02
 -1.0275441e-02
  1.9529662e-01
 -9.4069922e-01
 -3.3055036e+00
 -5.0659096e-01
 -1.5998465e+00
  1.7768565e-01
  8.3146584e-01
 -7.0305955e-01
 -3.1490972e+00
 -6.8549372e-02
 -5.3831965e-01
 -2.6430891e+00
  1.5258514e+00
 -4.8320773e-01
 -1.7009152e-03
 -1.8368106e+00
 -6.7030120e-04
  6.5879691e-01
 -2.4855198e-01
  4.1114426e-01
  4.0118602e-01
  8.0474412e-01
 -1.0942919e-04
  3.3994481e-01
 -7.6706618e-01
  9.4715786e-01
  5.0760162e-01
  1.4602309e+00
 -6.1129063e-01
  2.3240378e+00
 -1.4257028e+00
 -1.0800567e-02
  1.2710947e+00
  1.7331967e+00
 -4.1935652e-01
 -1.4261783e+00
 -2.6232779e-01
 -1.1076111e+00
 -4.4167392e-02
 -1.4396282e+00
 -6.7811060e-01
  7.5651842e-01
 -1.3431421e-03
 -1.3136597e+00
 -1.3260494e+00
 -9.4209743e-01
  5.5776179e-01
 -3.5282800e-01
 -4.8755580e-01
 -2.3024605e-01
 -5.5549115e-02
  2.6024590e+00
 -2.4842264e-01
 -4.2131659e-01
 -2.5812045e-03
 -5.8901954e-01
  3.8249879e-03
 -6.0210747e-01
 -5.1588292e-04
 -7.4673020e-03
  1.8116794e+00
  5.7565808e-01
 -5.0109456e-04
  3.5255302e-03
 -1.3835263e-01
 -5.2512180e-02
 -8.2704440e-02
 -1.0422430e-01
 -2.6572990e-01
 -2.0050516e+00
 -9.7748083e-01
 -1.9049268e-03
 -1.1747924e-03
  7.5704386e-03
 -7.5438541e-01
 -1.5004419e+00
 -2.6528764e-01
  5.6345682e-03
 -2.5683541e+00
  3.3077002e-01
 -1.4726242e-01
  7.6369643e-03
 -1.5077081e-01
 -1.0213687e-01
 -1.4155781e+00
 -4.9613887e-01
 -9.9133060e-04
  2.4651470e+00
  2.8398168e+00
 -6.5862923e-03
  2.7297046e-03
 -1.1619482e+00
  4.3038949e-01
 -1.8014713e-01
 -7.3281946e-03
 -8.3023220e-01
  4.4477549e+00
  5.3104353e-01
 -2.9170148e-03
  1.8679013e-04
  6.2784024e-02
 -1.0590384e+00
  3.6898939e-04
 -7.4582309e-01
 -3.9414823e-01
  6.7271852e-01
 -7.1107000e-01
 -5.8556888e-03
  1.3349934e-01
  1.9221578e-03
 -8.7574470e-01
 -5.0263610e-02
 -4.5133955e-04
  5.8020747e-01
 -3.1452589e+00
 -5.9446001e-01
 -2.5286220e-02
  7.0212013e-03
 -2.6345370e+00
  1.5212541e+00
 -1.1893057e+00
  2.4645677e-01
  6.6011423e-01
 -1.8351181e+00
  2.5948057e-01
 -6.9372565e-04
 -3.0733342e-03
  9.5150983e-01
 -2.8379422e-01
 -4.9695468e-01
 -5.1207274e-01
  1.1611462e-01
  5.0341421e-01
  1.4942335e+00
  5.1690656e-01
  8.7105595e-02
  1.0713116e+00
 -8.8081414e-01
 -5.0264925e-01
 -4.5806323e-03
 -2.1039600e+00
 -4.9248672e-01
 -8.1948626e-01
  9.6045756e-01
 -3.5343590e-04
 -3.8774865e-04
 -1.1724051e-01
  7.3402999e-03
  5.0063329e-03
  1.8359208e+00
  7.0480174e-01
  1.0760006e-01
  4.7980671e-04
  8.3508686e-04
  8.6570299e-01
 -6.7468101e-01
  8.5674912e-01
 -5.4969835e-01
 -1.7034428e-01
  1.2223653e-01
 -1.0255641e+00
  2.8493074e-01
  7.1086985e-01
  1.1069062e+00
 -1.9789602e+00
 -2.0538495e+00
 -2.1572883e-01
 -3.0847402e+00
 -4.0431786e+00
 -7.1013927e-01
  3.4411776e+00
 -6.4095700e-01
  4.7220549e-01
 -2.6452559e-01
 -5.1860100e-01
  3.4215155e-01
  1.3223656e+00
 -1.1822541e+00
  1.1789162e+00
  1.4895213e+00
 -5.8521894e-03
  4.0960553e-01
 -2.3624627e-01
  1.1979821e+00
 -9.4629610e-01
  4.8990560e-01
  1.9856994e+00
 -1.1627758e+00
  1.0754269e-01
  1.4799905e+00
 -8.8388181e-01
 -1.6874669e+00
 -9.9343158e-02
 -1.4127903e-01
 -1.9727114e+00
  1.3367218e+00
 -1.5186253e+00
 -1.8006909e+00
 -1.5149742e-01
 -1.8056203e-01
  7.8061461e-01
  7.2269775e-02
  2.6479965e-01
 -1.9808652e+00
 -6.2155753e-01
 -3.6410537e-01
  4.5057135e-03
 -7.4055910e-01
  1.1535319e+00
  1.4580969e+00
 -3.0617239e+00
  9.0233879e-03
 -1.4014436e+00
  1.4982723e+00
  1.4875151e-02
 -6.6608590e-01
  6.2021440e-01
  5.5506516e-01
  1.7580365e-01
 -2.8121376e+00
  4.5348401e-03
 -2.4505532e+00
  1.2226392e+00
 -1.2927346e-02
  2.7987900e-01
  1.0142639e+00
  5.5908789e-03
 -1.7271847e-01
  1.1029027e+00
 -8.3013746e-04
  2.7668307e+00
 -2.6127210e+00
  3.8482988e-01
  9.6656108e-01
 -1.0753438e+00
 -1.3648029e-02
  2.4183892e-01
  3.4598563e+00
  2.4228403e-01
 -1.4091137e-01
 -2.0386843e-01
  2.7034190e-01
  2.6213741e-02
  1.5514752e+00
  7.1862713e-04
  1.1069406e+00
 -2.0233376e+00
 -3.4000972e-01
 -2.5234985e+00
  3.4785318e+00
 -8.2050157e-01
 -1.3687403e+00
  3.9842348e+00
 -1.4205220e-03
 -1.1642703e+00
 -2.8681054e+00
  1.7048103e-01
 -1.9713355e+00
 -1.2279745e-02
  1.8686958e-02
  9.3715990e-01
 -1.5537674e+00
 -6.7307815e-02
  5.1299524e-01
  8.8418592e-03
  2.9034552e-01
  1.9156038e+00
 -1.3587178e+00
  6.4395654e-01
 -3.0355367e-01
  4.4776317e-02
  5.7742554e-01
  6.7762315e-01
  3.2270532e+00
 -1.5552515e-01
  1.2777408e+00
 -1.6204652e-03
 -2.5667387e-01
 -1.6051139e+00
  1.0715411e+00
  7.1832277e-02
  5.8747400e-02
 -5.0183440e-05
  1.9291420e-01
  6.4506149e-01
  1.1118142e-01
 -1.2303852e-01
 -7.4062550e-01
  9.7248870e-01
  8.6917327e-04
 -2.4364856e-03
  7.3972034e-01
 -8.1996906e-01
  1.3927498e+00
 -1.4214252e+00
 -2.1745138e+00
 -2.1022005e+00
 -2.6420913e+00
 -8.0497451e-02
  2.1220406e-03
  9.9983752e-01
 -3.6185864e-01
  2.7504101e+00
  4.0233111e+00
 -1.5768336e+00
 -2.8556690e+00
 -4.5298576e+00
  3.1718531e-01
  1.0004587e-03
 -2.0001144e+00
  5.8243340e-01
 -3.6878459e+00
 -6.0774070e-01
  2.5533485e+00
  2.5757983e+00
  2.4308088e+00
 -1.9681640e+00
 -2.1118478e-01
  6.2641799e-01
 -7.9675102e-01
 -4.2136817e+00
 -2.4384146e+00
  2.3507230e+00
  1.8901230e+00
  3.6832535e+00
 -5.3772521e-01
 -2.8479880e-01
  2.3847842e+00
 -8.7872517e-01
 -1.5252017e+00
 -9.8865420e-01
 -1.8074769e+00
 -4.7659922e+00
 -2.3602586e+00
  2.8730013e+00
  7.0026806e-03
 -1.0410497e+00
  8.6307943e-01
  2.3608117e+00
  3.1586661e+00
 -3.4757299e+00
 -2.8886569e+00
 -2.4641457e+00
 -3.7737671e-02
 -3.9169589e-01
 -9.1952592e-01
 -5.0032020e-01
  2.8311410e+00
  2.5163808e+00
  1.2592289e-01
  1.3771491e-01
 -5.9519452e-01
 -4.3586373e-01
  7.8218952e-02
  1.7947092e+00
 -1.7696150e-01
  2.2432539e+00
  1.1316060e+00
  2.4688230e+00
  3.0759470e+00
  1.3908936e+00
  1.0121899e+00
  4.2410865e-03
  2.7566490e+00
  1.4883423e-01
 -2.5514507e-01
 -3.8518068e-01
  1.5684493e+00
  1.1916838e+00
  1.1759665e+00
  1.9097650e+00
  4.5043871e-01
 -5.7186052e-02
 -4.9787992e-01
 -8.6070466e-01
 -1.4283179e+00
  1.7638681e+00
 -2.0823228e-01
  5.1727938e-03
 -6.1000413e-01
  2.3857185e-01
  3.7513466e+00
  1.0502635e+00
  2.8757238e+00
  5.5921650e-01
  3.3395433e-01
  1.8057486e-03
 -9.8386488e-04
  4.8799077e-03
 -1.7216187e+00
 -3.1354690e+00
 -8.2990801e-01
 -2.3354018e+00
 -4.0838012e-01
 -2.0272655e+00
 -1.9281105e-03
 -1.1196270e-03
 -3.5612661e-01
 -8.6327992e-02
 -2.6469034e-01
  1.1312200e+00
 -1.0742358e+00
  7.5752743e-02
 -2.4084048e-01
 -2.4240658e-01
 -3.0520516e-03
 -6.5997076e-01
  1.9546354e+00
  4.4835010e+00
  1.7867085e+00
  3.8973787e+00
  2.9180088e+00
  1.0802289e+00
 -9.3344180e-04
 -8.4957707e-04
 -6.2561327e-01
  4.3905827e-01
  2.9992554e+00
 -2.4567598e-01
  1.4519331e+00
  4.2129877e-01
  9.9008553e-02
  5.8602314e-03
  3.8368910e-04
  3.6053494e-01
  6.6871357e-01
 -7.7084190e-01
  9.3337059e-02
  8.3459592e-01
  4.7925052e-01
  1.8796732e-01
 -1.1962367e-01
 -9.8438971e-03
 -1.7804112e+00
  6.6932797e-02
 -1.1926252e+00
  4.6544811e-01
  1.2248986e+00
  2.5370824e-01
 -1.1708876e-03
 -4.2980859e-01
 -2.8509730e-01
  1.7684969e-04
  5.2116901e-01
 -8.8736154e-02
  5.7914621e-01
  1.5725210e+00
  5.0342435e-01
  1.7624267e-05
  8.5549580e-04
  1.0818111e-01
  9.4898564e-01
  3.2690051e-01
 -2.3970804e-01
 -2.2010155e-02
  2.3971298e-01
 -1.4205985e+00
 -7.3344207e-01
  4.9971816e-01
 -3.2936364e-01
 -1.2569110e+00
 -2.9152723e-03
 -8.1855834e-01
 -1.3865266e-03
  2.7172070e+00
 -1.0146499e+00
 -9.1861987e-01
  2.1018586e-03
 -5.7626618e-03
 -3.5715336e-01
  5.7602327e-05
  9.5715398e-01
  2.7666821e-03
 -2.6202042e+00
  3.7596372e-01
  6.4365906e-01
  1.2832046e-02
  1.4259244e-03
 -7.2335238e-03
  4.2027971e-01
  2.6027907e-03
 -3.4206587e-01
 -4.3579588e+00
  1.4818449e+00
  1.4053514e+00
  9.3869740e-01
 -8.4822444e-04
 -1.3150440e+00
  3.8534831e-03
 -1.7507842e+00
 -1.1718696e-01
 -1.2990825e+00
 -5.5858785e-01
 -8.4190106e-01
  1.9609377e-01
 -1.3767627e-01
 -1.0385938e-02
  7.2818500e-04
  4.5356423e-01
  1.4128821e-01
  3.2332733e+00
 -8.4790112e-03
 -2.2726537e-01
  1.8657416e-02
 -6.2494224e-01
 -4.8477170e-01
  8.6896437e-01
  2.3027205e-01
 -2.2692978e-02
  3.7548823e+00
 -7.4460244e-01
  1.8100588e-01
  4.6282768e-02
  3.4450990e-01
 -7.5779128e-01
  6.4508460e-02
 -1.4862171e+00
 -4.1437897e-01
  1.3282560e+00
 -2.7249277e-01
  1.6215153e-01
  7.7045776e-02
 -1.9167110e-01
 -7.2316468e-01
 -9.0332538e-02
 -8.3395308e-01
  2.4861507e-02
 -6.0078979e-01
 -3.5382545e-01
 -4.0316370e-01
  4.2985715e-02
 -1.1984369e+00
 -4.4898674e-02
  1.1528901e-02
  1.1528901e-02
  1.1528901e-02
  1.1528901e-02
  1.1528901e-02
  1.1528901e-02
  1.1528901e-02
  1.1528901e-02
  1.1528901e-02
  1.0934607e-02
  1.0934607e-02
  1.0934607e-02
  1.0934607e-02
  1.0934607e-02
  1.0934607e-02
  1.0934607e-02
  1.0934607e-02
  1.0934607e-02
  7.4391309e-03
  7.4391309e-03
  7.4391309e-03
  7.4391309e-03
  7.4391309e-03
  7.4391309e-03
  7.4391309e-03
  7.4391309e-03
  7.4391309e-03
  4.7742659e-03
  4.7742659e-03
  4.7742659e-03
  4.7742659e-03
  4.7742659e-03
  4.7742659e-03
  4.7742659e-03
  4.7742659e-03
  4.7742659e-03
  4.4224639e-03
  4.4224639e-03
  4.4224639e-03
  4.4224639e-03
  4.4224639e-03
  4.4224639e-03
  4.4224639e-03
  4.4224639e-03
  4.4224639e-03
  1.7885815e-03
  1.7885815e-03
  1.7885815e-03
  1.7885815e-03
  1.7885815e-03
  1.7885815e-03
  1.7885815e-03
  1.7885815e-03
  1.7885815e-03
