nep4 4 Mo S Al O 
cutoff 6 5 117 70
n_max 8 8
basis_size 8 8
l_max 4 2 0
ANN 32 0
  2.2383737e-03
 -1.8193653e-03
 -6.4592244e-04
  2.8013990e-03
  9.8213670e-04
 -4.6249869e-04
  1.6047109e-03
  6.1480418e-06
 -7.4275670e-04
  4.6890727e-03
  1.1468531e-03
 -2.7882846e-03
  5.0559430e-03
 -4.9400283e-03
 -3.6213422e-04
 -1.5249217e-04
 -7.6312840e-04
 -2.2667346e-03
 -1.3752876e-02
  6.4152980e-04
  4.7495798e-04
 -8.3720734e-05
  2.2676846e-03
 -1.0108006e-03
 -2.1010188e-03
  2.7255254e-04
 -3.8944827e-03
  6.2611344e-04
 -3.2070614e-03
  1.9833264e-04
 -3.1005493e-03
 -3.9744595e-04
  5.4385859e-05
 -5.0559506e-04
 -1.4461477e-04
  1.3779260e-01
  1.0077094e-03
  2.7125187e-03
  2.6059907e-03
 -2.5184620e-03
  1.1114184e-03
 -1.8970440e-03
 -1.1714335e-03
 -3.0077985e-04
 -2.7531504e-03
  5.8301463e-05
 -6.2240555e-04
 -1.7679161e-03
  7.4713095e-04
  1.0264658e-03
  4.6968248e-04
  5.4964856e-03
 -1.0605800e-04
 -1.9636808e-04
 -7.2056026e-04
 -2.1720713e-04
 -1.0076744e-02
  1.8351960e-03
  2.0655950e-03
 -7.2064652e-04
  1.4324072e-03
  4.3725739e-03
  1.6809736e-03
  1.4174948e-04
 -9.6502475e-04
  1.9553283e-03
 -3.2508217e-03
  2.2128809e-04
 -4.3180736e-04
  4.8327479e-03
  3.3395886e-03
  9.6849026e-04
 -2.9808321e-04
 -5.4429914e-03
 -8.8843855e-04
 -2.5887645e-04
  3.4389721e-04
  1.1733505e-04
  4.8472751e-03
  1.8800454e-03
  6.4370938e-04
 -9.2803832e-04
  1.0240965e-03
 -1.2073864e-03
 -1.5121404e-03
  1.2659561e-04
 -7.3821534e-04
 -2.7211939e-03
  8.4491732e-04
  1.1315652e-03
 -1.4601417e-03
  5.7219446e-04
  1.9567467e-04
 -3.8685424e-03
  1.0203136e-04
 -3.1343801e-04
  2.5272518e-03
  2.6213430e-04
  2.6181620e-03
  2.1500173e-03
 -3.7869660e-04
  1.7229152e-03
 -2.9393454e-04
 -1.7617097e-03
 -6.0008786e-04
  6.4064795e-03
 -3.0807806e-03
 -4.8747058e-03
 -4.1195583e-03
  4.6499743e-04
  1.6885035e-04
 -1.9480797e-03
 -7.0610004e-03
  4.5968066e-03
  4.5918650e-04
  2.0872001e-03
  3.8878183e-04
 -1.1804216e-01
  2.1046416e-03
 -5.5930548e-04
 -1.2204234e-04
  2.7770926e-03
 -1.8802573e-04
  1.6520259e-03
 -9.5351723e-05
  1.8003975e-03
 -9.4010727e-04
 -3.9588846e-03
  1.4429671e-03
 -2.7707601e-03
 -1.8095704e-02
  1.8208226e-02
 -4.5462482e-05
 -4.7394917e-03
  2.5279007e-03
 -1.3682124e-03
 -5.4240192e-04
  7.0995674e-04
 -2.3504011e-01
  4.5197277e-04
 -1.4668944e-02
  2.1932228e-01
 -8.4007269e-04
 -2.0107134e-04
 -2.1828839e-01
  9.7302237e-04
  4.4113388e-03
 -3.3043532e-03
 -3.4181885e-03
 -1.5931550e-03
  1.5168405e-03
 -2.6492006e-04
 -9.3999179e-04
  2.8400258e-03
 -2.4256595e-05
 -3.7232887e-03
  1.1043550e-03
 -3.3843599e-03
 -2.0219602e-03
 -5.8833142e-03
 -6.2593669e-03
  1.1773487e-03
  1.2292482e-03
 -2.0955899e-03
  4.7581275e-03
  2.0422817e-03
  9.2002966e-02
 -2.7428865e-03
 -2.5394178e-04
 -1.5616944e-03
  1.2824411e-03
 -1.2981391e-03
  8.8416142e-05
  1.5962855e-03
 -2.6665912e-03
 -1.5874453e-01
 -7.9217227e-04
 -1.2807643e-02
  3.5261717e-02
  4.7531465e-04
  4.6293510e-05
 -2.9086745e-05
  6.4175692e-04
  4.5485701e-03
  6.6481991e-04
 -3.9731991e-02
 -5.3267280e-04
  4.3875080e-02
 -3.7064950e-04
  5.7204749e-04
 -2.5836274e-03
  1.1367996e-03
 -3.0146323e-03
  1.6445908e-03
  1.1240643e-02
  2.4362367e-03
 -3.3983714e-03
 -1.5047961e-05
  1.1511284e-03
 -3.3355178e-03
  6.0154339e-03
  1.0692437e-04
  3.7821762e-06
  1.2311933e-03
 -7.8358874e-04
 -8.6396173e-02
  5.3168096e-02
  1.2416660e-03
 -1.5841166e-03
  9.2848123e-04
  2.2544605e-03
 -9.2100754e-04
  5.4216064e-03
  6.4949994e-03
  4.7031352e-03
 -2.3614154e-03
 -8.6101034e-04
 -6.9855538e-04
  9.8800032e-05
 -1.1416057e-03
  3.0503063e-03
 -1.3955889e-03
  8.4170327e-04
 -1.3041816e-03
  1.4080522e-02
  1.3086585e-03
  3.9366144e-03
  1.3019303e-03
  2.1671654e-04
 -1.3863592e-04
  5.3685615e-03
  8.4606279e-04
 -1.2858019e-03
 -1.6978941e-03
  1.1617873e-03
  2.8282250e-03
  6.5302327e-03
 -2.2433258e-05
  5.1082775e-04
 -1.0859178e-03
 -3.4211567e-04
 -5.2025411e-03
 -9.0871304e-03
  5.9121480e-04
 -3.3266358e-03
  1.7219161e-03
  1.4453936e-01
  5.6351396e-06
 -2.1170003e-04
 -3.4139323e-01
 -8.4618885e-05
  6.6770026e-03
  3.6425274e-03
  5.2580121e-04
  2.3579290e-03
  2.1654700e-03
 -1.7390628e-03
 -1.3707145e-04
  8.8203655e-05
 -1.9435075e-03
  1.6295894e-03
 -2.7829404e-03
 -1.3735900e-03
  1.4641875e-03
 -2.1707923e-03
  7.7684701e-05
  8.5397362e-05
  2.6377465e-03
  7.6764234e-04
  5.0888612e-04
 -2.0068707e-03
 -5.0643738e-04
 -5.0094689e-04
 -2.8802361e-03
 -9.9824876e-02
 -1.4127214e-03
  2.3804579e-03
  1.4409393e-03
  3.0489629e-03
  2.0332476e-03
 -9.5450151e-04
  6.4699394e-03
  3.3707367e-03
  5.3576417e-03
 -1.8330351e-03
  5.1125200e-03
 -1.0965073e-02
 -1.2724416e-04
  1.6692033e-03
 -3.0115936e-03
 -6.8451755e-04
 -5.5093097e-04
 -1.5382805e-03
  5.9764041e-04
 -9.4753492e-04
 -8.6727133e-03
 -5.0824489e-03
 -9.8144903e-04
 -8.1297575e-04
 -3.0510582e-04
 -1.3849142e-02
 -4.7087032e-01
 -1.6185273e-03
  3.1844666e-03
  9.8788589e-03
 -1.0396743e-02
  1.5503615e-03
 -2.9168329e-03
 -9.1693946e-04
 -1.5640422e-04
 -2.9309187e-03
 -4.9063808e-04
  3.1449469e-03
 -1.8101731e-04
 -2.1019518e-02
  2.6495221e-05
 -4.6153271e-04
  1.5568951e-03
  7.1240080e-05
 -3.8408779e-04
 -7.3901783e-03
 -1.9277933e-03
 -5.4457551e-03
 -1.0955312e-03
  9.0998059e-05
 -1.2096644e-04
  4.7873251e-02
 -1.7494560e-03
  2.9835855e-03
 -9.6864370e-04
 -1.2156502e-03
 -3.9390032e-03
 -3.5999971e-03
  1.0458138e-02
 -2.6949428e-04
  6.0459838e-04
  4.7940356e-03
  2.8617604e-04
  2.7952341e-03
 -1.0130467e-03
 -1.1991500e-03
  3.2122100e-03
  4.4126189e-03
 -2.0638178e-03
  2.6509617e-03
  9.5006503e-04
  3.3646272e-03
 -2.2981737e-03
  4.3508010e-03
 -1.8162979e-03
 -6.1479206e-03
  5.8489468e-02
  4.7490935e-04
  9.2714548e-04
  1.6815412e-03
  1.7002700e-03
  4.4002733e-03
 -2.1259927e-03
 -2.3466055e-03
  4.4809491e-04
 -2.2452176e-03
  3.9282427e-03
  1.8100334e-04
  4.1866088e-03
 -7.1079721e-04
 -1.8739489e-04
 -1.0066390e-02
  6.9897354e-04
  9.4339199e-04
  2.1450936e-03
  3.1035526e-03
  1.7586758e-04
  1.5118639e-03
 -2.7394207e-04
 -5.9511334e-05
  1.8527932e-03
  2.3255688e-03
  2.5107597e-03
 -1.9027124e-03
 -6.1003555e-04
  9.0688671e-04
  1.8076504e-03
  1.0362756e+00
 -2.9568964e-01
 -1.6673377e-03
  2.9739668e-03
  4.9787853e-04
  5.0805980e-01
 -6.7773327e-04
 -1.5614687e-01
 -4.6808543e-03
 -5.1515830e-01
  2.3138039e-01
 -1.6067569e-01
  4.6227318e-01
 -4.5373101e-02
  3.1214143e-04
 -1.3807481e-04
  2.4636355e-03
  7.2211467e-02
  3.3761352e-01
 -2.3534402e-01
 -7.4337441e-03
  3.7212953e-01
 -9.1015376e-02
  2.4936140e-01
 -1.8727446e-03
 -2.1037119e-03
  6.5385813e-01
 -2.3670573e-02
  1.3057929e-01
 -2.8964368e-01
  4.0034773e-03
  7.9940468e-01
  7.9969890e-02
  1.7531948e-03
  2.6259694e-02
 -1.9575177e-01
  4.9968562e-03
  3.7457391e-03
 -3.5169050e-01
 -2.9477963e-01
  9.0862012e-01
  2.8980625e-04
 -1.0142855e-03
 -4.4832777e-04
  3.3529583e-04
  3.1162370e-03
  4.7974473e-01
  3.1226000e-04
  7.4993037e-02
 -1.9680394e-03
 -2.7760732e-04
  6.3369386e-03
 -1.0531433e-03
  3.8393964e-03
  3.6225282e-03
  1.2807571e-03
  2.7045198e-03
 -8.4754563e-04
  3.8879043e-03
  6.1859204e-03
  8.0149464e-04
 -1.7564395e-03
 -3.7049006e-03
 -1.0569069e-03
  8.0458913e-03
  2.5604244e-03
  1.5544654e-03
 -5.2983529e-04
  6.8726373e-04
 -7.9769269e-04
  3.2072735e-04
 -2.5743833e-03
 -2.4672484e-02
  3.2039869e-04
 -3.6617267e-04
  7.3033073e-03
  3.2434559e-03
 -5.4543543e-05
  5.6340033e-04
 -4.8406371e-03
 -7.0372116e-05
  2.0037096e-03
  1.2017671e-03
  4.2690639e-04
 -3.3495203e-01
  6.0629426e-03
  1.8356767e-04
 -2.3935521e-03
 -3.7473228e-03
  3.3740525e-03
  1.1102838e-03
  2.8349813e-03
 -4.7332491e-03
 -1.0498464e-03
  4.2002047e-03
 -8.2284381e-04
 -2.5815119e-03
 -2.4052551e-03
  1.3390726e-04
  9.8280504e-04
 -2.8875307e-04
  1.7419492e-03
 -5.1382376e-04
 -1.7943768e-03
 -3.1366751e-03
 -1.0987079e-03
 -2.2778842e-03
  6.2688673e-04
 -1.0905977e-01
 -2.6932815e-03
  1.1689009e-03
  1.5120952e-03
 -1.6019290e-03
 -2.9161382e-03
 -1.7230801e-03
 -1.0015197e-03
  3.7513678e-03
  3.9412435e-03
 -7.4864523e-03
 -2.7237425e-03
 -6.5556017e-04
  1.1349405e-03
 -4.1570165e-03
 -2.7089601e-03
  2.6244905e-03
 -5.8741844e-04
 -3.2765521e-03
  6.7664939e-03
 -9.0891868e-04
  2.1747218e-03
  1.7856135e-03
 -6.2217063e-05
 -1.2564019e-03
  2.5648225e-04
  3.3694925e-04
  4.6773707e-03
 -2.3622331e-04
 -1.1517970e-03
  1.2843687e-03
 -2.8361185e-03
  8.3382867e-02
 -1.0329454e-03
 -3.5700006e-03
 -3.4345826e-03
  4.0611558e-04
 -9.1503031e-04
  6.0560164e-04
 -2.6072895e-03
  3.7460873e-04
  8.4146537e-04
  3.3111934e-04
 -2.8237929e-03
 -4.3616927e-04
 -3.2391774e-03
 -8.8833907e-04
  6.9049379e-04
 -1.7791133e-03
 -6.3812593e-04
  7.7084533e-04
 -1.7490615e-03
  6.0642641e-03
  2.4990847e-03
  2.5467162e-03
  5.3458386e-03
 -1.8322393e-03
 -5.7985955e-03
 -8.5733354e-04
  4.8628571e-03
 -2.4839342e-04
  2.5460421e-04
 -1.4371575e-04
  5.6661670e-03
  2.7762654e-03
 -1.1382625e-03
 -1.2341910e-03
 -5.1836069e-03
  3.6847574e-05
 -3.8928233e-04
 -1.6901344e-03
  2.2999363e-03
  1.3918302e-03
 -7.5182086e-03
 -1.3493971e-03
  1.6285295e-03
 -1.0211790e-03
  3.1217973e-04
 -3.3359500e-03
  1.7164049e-03
  8.7896492e-03
  1.6115983e-03
 -1.2415553e-02
 -1.6191554e-03
 -3.8944199e-03
 -9.3270763e-04
  9.3382137e-04
  1.4939304e-02
  1.6102099e-03
  5.8703172e-05
 -1.3136679e-03
 -2.7196345e-04
 -1.5890932e-03
 -2.1548271e-03
 -2.0987962e-03
 -6.2959053e-04
 -9.8084670e-04
  6.8453251e-04
  1.0594582e-03
  3.1369997e-03
 -8.0095685e-01
 -4.3495339e-03
 -1.0736600e-03
 -2.8044204e-04
 -5.3837490e-03
 -3.7790856e-03
  2.1415658e-03
  7.7519719e-03
 -2.8232703e+00
  2.1341419e+00
 -1.1733035e-02
 -8.4078889e-03
 -8.2327902e-01
 -1.0061142e+00
 -6.9995102e-04
  5.8076543e-01
  3.4575883e-02
  5.7453787e-01
 -7.2561294e-01
  7.2563863e-01
 -8.6535984e-01
  5.6268699e-03
 -6.5740061e-01
 -3.9323331e-03
 -7.6847067e-03
 -6.5872952e-02
 -4.6695200e-01
  6.1234397e-01
  5.8914012e-01
 -1.0096802e+00
  1.6179067e-03
 -2.2456078e-02
  2.5552714e-03
 -1.2480445e-03
 -8.3313233e-01
  1.9475553e+00
 -5.1859659e-01
  9.5150691e-01
  2.7714592e-01
 -3.5778138e-01
 -6.6793615e-01
 -3.4694909e-04
  3.8925628e-04
  3.0417067e-01
  9.8458070e-01
  1.1446386e-03
  2.7453578e-01
  9.0447915e-01
 -5.1279289e-01
 -4.0129432e-03
 -1.9259603e-03
 -5.1918332e-03
 -8.3745335e-04
 -5.3651142e-03
 -7.7795529e-01
 -5.2424369e-04
 -1.6437864e-01
 -1.1616426e-03
 -1.4050916e-03
  1.8620811e-03
  1.5411162e-03
 -8.4152480e-04
 -1.1221297e-04
  2.2024764e-03
  9.1691542e-01
 -9.7152824e-03
  4.1429223e-03
 -2.6297516e-03
  2.1528276e-03
 -3.4111515e-03
  6.8129878e-04
  1.9119668e-03
  2.4763416e-03
 -1.1569050e-03
  5.3684358e-03
 -4.8223049e-03
  5.4843794e-04
 -1.4377512e-03
 -3.3280212e-03
  5.7589146e-04
  1.1822736e-03
  2.9708911e-03
 -3.0412767e-03
  1.3818734e-04
 -2.6328783e-03
  6.3373945e-03
  2.8191046e-03
  4.9532356e-04
 -1.5016705e-04
 -1.1572648e-04
  3.9017279e-04
  2.6556703e-03
 -1.1150277e-03
 -1.0949729e-03
 -5.9991959e-03
 -1.5485156e-03
 -1.0505781e-03
  7.0882432e-02
  9.4875286e-05
  8.8275771e-04
  1.3475303e-03
 -9.9426135e-04
  5.5747776e-04
  3.3515273e-03
  2.0830327e-04
  1.7330225e-03
 -4.0788637e-03
  1.2193980e-03
 -1.2373718e-02
 -3.9827236e-04
  7.3889075e-03
 -1.2179292e-03
 -5.0384534e-04
  2.3499350e-03
  1.5148915e-03
 -3.7749935e-04
  1.4196216e-01
 -6.9723004e-03
 -2.8395907e-03
 -1.6313812e-05
 -4.3117732e-04
  2.4002757e-02
 -3.9826608e-03
 -4.2584990e-03
  2.1566423e-03
 -5.7575833e-03
  6.6311723e-03
 -4.3778769e-03
  9.2368107e-03
 -4.4333274e-03
  2.4491479e-03
 -2.8497048e-03
 -1.7234378e-03
  4.1553736e-04
  1.1627632e-03
 -3.2466464e-03
 -5.4645224e-04
  3.6758473e-03
 -7.0993660e-04
  1.8440367e-03
 -3.3822106e-04
 -1.1310374e-03
  1.0942001e-03
 -2.2820076e-04
  6.8622088e-04
 -1.7441746e-03
 -1.3302875e-03
  7.4262112e-02
  3.5652367e-04
  1.1671941e-03
 -1.7704072e-03
  5.2121154e-04
  3.1648902e-03
  8.8251945e-05
 -1.0286792e-04
 -2.6528740e-03
  5.6560792e-02
 -4.9422495e-04
  1.1004561e-03
 -3.3095784e-03
  1.2554552e-03
  2.4396272e-03
  1.2081497e-02
  1.9258605e-03
 -6.0415146e-04
 -1.2307354e-03
 -4.0369641e-04
 -3.2096240e-03
  7.5096957e-04
 -5.6606822e-04
  6.4044136e-05
  3.0077668e-03
  4.0751984e-04
 -6.1470055e-04
 -8.9436903e-04
  1.1987106e-03
 -3.5618601e-04
 -1.2499274e-03
  8.5410249e-04
  3.3682834e-02
 -1.8330389e-03
  1.4552600e-03
 -2.1025478e-03
  1.3314178e-03
  3.2563736e-03
  5.8675482e-04
  2.7369568e-03
 -5.0410896e-04
 -6.8058987e-04
 -1.1860281e-04
  1.2030980e-03
  1.4429819e-03
 -3.8340981e-03
 -2.0649848e-03
  6.3498109e-04
 -3.9126386e-05
  3.3573715e-03
 -4.9716979e-04
  7.6357624e-04
  5.9491666e-03
 -2.8942344e-03
 -3.9997118e-04
 -1.5494056e-04
  2.6760031e-03
  1.6858709e-03
  2.4923608e-03
  1.6168226e-03
  1.0201122e-04
  2.3082989e-04
 -1.2459026e-03
  4.2684772e-03
 -2.4103453e-04
  2.8595849e-04
  3.0540500e-03
  3.1419036e-03
 -1.1940665e-03
 -5.4407357e-03
  6.2034936e-03
  5.8115926e-04
 -2.9830153e-03
  1.0385772e-03
  8.5455098e-04
 -1.2460598e-03
 -3.7023113e-03
 -7.0874416e-03
  3.9987563e-04
  1.3329447e-03
 -1.0807833e-03
 -8.7184338e-03
 -2.8311304e-04
  1.5437453e-03
  2.9138154e-03
  3.2516941e-03
  3.0456278e-03
  5.2869407e-04
 -1.5379858e-03
 -1.3135541e-03
  7.0501589e-03
  2.9239303e-03
  2.0246312e-03
 -8.4610833e-03
  3.6958656e-03
 -1.9485368e-03
  5.7791010e-03
  9.1634580e-04
 -5.7340023e-04
  1.5458617e-03
 -1.3156366e-03
 -1.0461493e-03
  5.5934906e-06
  1.4350918e-02
  3.4453776e-03
  2.9575659e-03
  2.3370318e-03
  1.7470288e-03
 -8.5880958e-05
 -9.7976583e-05
 -1.2746666e-03
 -2.9503484e-04
  1.0325235e-03
  1.2344276e-03
 -5.1152906e-03
 -7.1070541e-04
  1.9915553e-03
  6.5763458e-04
 -1.6014560e-03
  8.7603997e-04
 -3.9908133e-04
 -3.9349203e-03
 -4.6484527e-04
 -2.2322237e-03
  3.0611344e-03
 -1.2189856e-03
  3.1518384e-03
 -1.1812311e-03
  2.3756067e-03
  7.1629323e-04
  4.2054425e-03
  5.3395215e-02
  1.2981944e-03
 -5.6270941e-04
  3.7996497e-04
 -3.6901063e-06
  1.8288043e-03
 -2.4201719e-03
 -7.2064204e-03
  1.8192500e-04
 -5.3679612e-03
 -3.4241599e-04
 -3.8952399e-03
  7.5796638e-03
  1.1010672e-03
  5.8579148e-04
 -1.3098264e-03
 -3.6340815e-03
  3.3134415e-03
 -4.3719989e-04
  6.7252916e-04
 -1.3665335e-04
  9.8866665e-05
 -6.6880888e-04
 -2.2684375e-03
 -3.5911493e-04
 -3.3229441e-04
  2.0861600e-02
 -3.6695539e-03
  3.3436837e-03
 -5.7252781e-03
 -3.1602475e-01
  3.5750170e-04
 -6.1342395e-03
 -9.0988370e-04
 -3.7538868e-03
  2.9657310e-01
  7.3966605e-04
 -1.9852864e-03
  1.0080900e-03
  1.2675755e-03
  9.2735551e-03
 -5.6145182e-03
 -2.4175736e-04
 -1.7494177e-03
 -2.3126025e-03
 -9.7115239e-04
  1.7165206e-03
 -2.4314425e-03
 -1.6409225e-03
 -1.6411947e-03
 -1.9660448e-03
 -1.2424703e-03
  6.6740857e-04
  1.7034793e-03
 -1.4095000e-03
  4.4887410e-03
 -2.6861629e-03
 -1.2245981e-03
  6.3181580e-03
  1.6058160e-03
  1.4791882e-03
  2.2152944e-04
  5.2232918e-04
 -2.1820265e-04
 -3.3956254e-03
 -1.5887192e-03
 -4.3794937e-03
 -1.0286660e-03
  1.0140797e-03
 -1.3215339e-03
  1.7358740e-03
  1.5338080e-03
  9.1030367e-04
  5.8741681e-03
 -5.5439463e-03
  6.3742697e-04
  1.8638881e-03
  3.4732507e-03
  9.3401875e-04
  6.8058714e-04
 -5.8616730e-03
  4.0915948e-03
 -4.8253380e-04
 -1.4300019e-03
  3.7587516e-04
 -3.3994633e-04
 -5.1650550e-04
 -2.5193046e-03
 -3.6279653e-04
  3.3280230e-03
 -2.7890783e-04
  1.4610344e-03
  1.6223361e-03
 -6.2353478e-04
 -6.6644134e-04
 -4.4911052e-04
  5.6153291e-04
  2.9104450e-03
  1.9477207e-03
  7.6086487e-04
 -2.9953283e-03
  4.6332255e-03
 -3.0554531e-03
  7.1492582e-04
 -1.1735158e-03
  3.5892164e-03
  4.7943520e-04
 -5.7236804e-03
  1.1177093e-03
  3.7752532e-03
  3.1479800e-03
 -3.4378404e-03
  5.5777784e-03
 -3.8399946e-04
 -9.2756366e-03
  4.2243331e-04
  1.2688345e-03
 -2.8099527e-04
  4.9125019e-04
 -1.8393571e-03
 -5.7961159e-05
 -1.1378158e-03
  4.2106444e-04
  3.7330359e-03
  2.9307997e-03
 -2.1335634e-04
  8.7954839e-05
 -1.6951808e-03
 -8.4622232e-03
 -1.6863811e-03
  2.3841509e-04
 -1.3308025e-04
 -1.3051202e-04
 -6.7151297e-04
 -3.1121993e-03
  2.2324428e-04
 -3.0518740e-03
  1.8613797e-04
 -4.7718687e-04
 -2.6904622e-03
 -5.2004162e-04
 -2.2340824e-03
  1.6697657e-03
 -1.9894969e-03
  2.4369322e-03
 -2.1861347e-03
  2.7296424e-03
  5.5814772e-03
  4.8911275e-04
  2.5094445e-03
  4.3157161e-05
 -6.9670915e-03
 -5.4965797e-04
 -2.5933760e-03
 -2.5969057e-03
  1.3152763e-03
 -8.7521970e-04
  2.9514336e-03
 -3.6644882e-03
 -2.7199350e-03
  1.9707733e-04
 -1.4766526e-03
 -9.0236269e-04
 -4.0017846e-03
 -7.6570022e-03
  1.1746916e-03
 -7.5523840e-04
  1.0547420e-03
 -7.7690835e-05
 -2.4695226e-03
 -2.8623319e-03
  4.3998226e-03
  3.2181160e-03
  5.0331107e-03
  1.1138365e-03
 -8.4880175e-04
 -5.8259163e-03
  4.9735128e-04
 -1.5869333e-03
  2.4828737e-04
 -1.2713368e-03
  1.4069615e-04
  2.1411550e-04
  4.3711247e-04
  5.2634662e-04
 -2.2464547e-04
 -9.3092211e-04
 -1.5305711e-03
 -7.3095382e-04
  8.5993402e-04
 -9.4500586e-04
 -8.5159123e-04
  9.5871085e-01
  3.9303984e-04
 -1.4368774e-03
  4.0998630e-04
  1.1962831e-03
 -9.7541837e-04
  3.6693222e-04
 -1.8850504e-03
 -3.1951191e-03
  1.5115025e-03
  1.9738751e-03
 -9.3784404e-04
  2.3534629e-03
 -9.6980407e-04
  4.1068885e-03
  1.6506923e-04
 -2.4141744e-03
  2.6379302e-03
 -2.1942698e-03
  6.4301328e-04
  2.9177527e-04
 -2.2563685e-04
  6.9365655e-03
  8.5258629e-04
  6.0505533e-01
  5.5607568e-02
  2.0721524e-03
 -2.6374399e-03
 -5.2926788e-04
  3.8890758e-01
 -4.3011042e-03
 -6.2611163e-02
  5.2324496e-04
 -2.5170931e-01
  2.7275652e-01
 -4.9060334e-02
  2.0596573e-01
 -2.3871912e-03
  3.7095647e-03
  9.1290800e-04
 -6.7717396e-04
  4.7014579e-03
  4.0452916e-02
 -1.2983623e-01
  7.8486337e-04
  8.8909291e-02
 -1.2704941e-02
  8.9890393e-04
 -8.1841252e-04
  5.2264105e-03
  3.1861770e-01
 -1.5280860e-04
  1.7518064e-02
 -1.8513745e-01
  6.0066360e-04
  3.9450762e-01
  2.7310589e-04
  1.8335492e-04
 -8.6110760e-04
  2.1620523e-03
  3.1861700e-02
 -3.8588073e-03
 -1.7006455e-01
 -3.3850882e-02
  7.0057040e-01
 -6.3032615e-03
  2.3296503e-03
  8.5289375e-04
  1.7473836e-03
 -2.6574747e-03
  2.5581750e-01
  2.4801621e-03
  2.0307636e-02
 -2.6151575e-03
 -1.0660117e-03
 -1.0442889e-04
 -2.0714141e-03
  2.5975623e-03
  2.6997119e-01
  6.3431278e-02
 -1.4228601e-03
  1.9920899e-03
 -6.4464315e-04
  2.2073475e-01
  1.5857459e-04
 -4.7339319e-04
  2.4272967e-03
 -2.4382499e-01
  2.0668803e-02
 -2.3347337e-03
  5.7781305e-02
 -4.6120049e-03
 -1.9716744e-03
 -9.0012918e-06
 -3.8694029e-03
 -3.4172746e-05
  7.9299824e-04
  3.7211633e-01
  2.7159593e-04
 -3.1610916e-04
 -8.4198676e-03
 -1.2625082e-03
 -9.9543529e-04
  8.3593710e-04
  1.0786766e-01
 -7.3637795e-03
  9.4406284e-02
 -2.4164163e-03
 -1.2329766e-01
  7.6265226e-04
  8.3935696e-01
  9.3011558e-03
  1.0562786e-01
 -1.8999998e-03
  9.3586725e-01
  1.0489884e-01
  3.0217196e-03
  2.3021942e-01
  4.4493264e-01
  4.9543199e-03
  4.3973420e-03
  2.8655676e-03
 -2.1246122e-03
 -7.8565070e-05
  2.7504149e-03
  3.6032321e-03
 -7.5824436e-04
 -6.4127758e-04
 -3.7057907e-04
  1.1991775e-03
  1.0469586e-03
  1.1407569e-04
 -1.0960147e-01
 -5.9253548e-04
  3.1855088e-03
  3.8079666e-03
  8.8286563e-04
 -2.2267466e-03
  8.5440557e-04
 -4.7808744e-06
 -4.0555638e-04
  1.3014734e-02
  4.5596302e-04
  5.7419320e-03
 -5.3108513e-04
 -5.7920755e-04
  3.0786113e-04
 -1.4284519e-03
 -1.1681516e-03
  1.0928040e-03
  1.2120627e-03
 -4.5909433e-04
  1.1434214e-03
 -5.3830437e-02
 -4.5629070e-04
  4.5908266e-04
  4.1827664e-04
 -1.8929307e-03
 -1.0209312e-04
  5.6149974e-04
 -1.0188672e-03
  1.7525862e-03
 -1.4098102e-03
  2.3467308e-04
 -8.6957589e-03
  6.2568649e-04
  3.0726445e-04
 -7.7916234e-04
  2.2867152e-03
 -1.4212665e-03
  6.4212736e-04
  1.9169948e-03
 -1.3529639e-03
 -2.7553639e-03
 -1.6933559e-03
 -9.5958973e-04
 -4.1555641e-03
 -2.6367011e-03
  2.5378531e-03
 -5.0711562e-04
 -6.4013730e-05
  2.6182458e-03
  5.4888596e-04
  2.2604140e-03
 -3.4731243e-02
 -2.6692683e-03
 -1.0841612e-03
 -7.1551470e-04
 -1.7628018e-03
  4.1452149e-04
 -2.1765239e-03
 -2.6219680e-03
  1.4155896e-03
  9.8545174e-04
 -2.1259076e-04
  5.2801840e-04
 -9.2234334e-04
 -1.3815679e-03
 -2.7899414e-03
  2.3065470e-03
  1.1027274e-04
 -1.7603007e-03
  6.0095254e-04
 -8.6207344e-04
  1.1289666e-03
 -7.6415581e-03
 -4.7270707e-03
  1.3367300e-03
  5.3356326e-04
  1.7580457e-03
  5.6849845e-04
 -8.1554325e-03
 -1.8647043e-03
  1.1158586e-03
 -8.8515365e-03
  2.7376513e-03
 -5.1063258e-04
  1.0501464e-03
 -7.6848939e-03
  4.3255310e-03
  1.2978279e-03
 -1.1180710e-03
 -1.4544324e-03
  4.0037851e-04
 -2.8486364e-03
 -1.7051762e-03
  9.3678926e-04
 -1.2625261e-04
  3.2336378e-04
 -5.4861943e-04
  1.5028126e-03
 -4.1705775e-03
  3.8224512e-03
 -1.3412279e-03
  5.7033473e-04
 -8.1727492e-05
 -2.4137285e-03
  6.4756715e-04
  8.6107767e-01
 -8.6149485e-05
 -1.3175614e+00
 -6.4409828e-01
 -3.9818860e-04
  1.0086575e-03
  8.3932625e-03
 -1.0287572e+00
 -2.6475526e-03
  5.2221417e-01
  8.7593333e-04
  8.0149311e-01
 -4.9320701e-01
  2.9196930e-01
 -9.9175948e-01
  2.2510555e-01
  1.9382562e-01
 -4.7226745e-04
 -2.1762422e-03
 -2.5518197e-01
 -5.1076543e-01
  1.5009382e-01
  9.4669685e-04
 -7.1566671e-01
  3.9958861e-01
 -2.4020423e-01
  3.3603136e-03
 -9.8070977e-03
 -1.3369074e+00
  2.1920424e-02
 -4.1347700e-01
  5.1307333e-01
 -1.3517915e-01
 -1.1018370e+00
 -1.4770363e-01
 -5.1219389e-04
 -1.7742431e-01
  2.3256698e-01
 -8.9152795e-01
 -1.9373110e-02
  4.3281826e-01
  8.1623048e-02
 -9.8941195e-01
  7.6800300e-04
 -2.5291166e-03
  1.9889935e-03
 -8.6233439e-03
  1.3043076e-03
 -9.1390228e-01
 -7.0028812e-02
 -3.1431279e-01
  1.5554994e-03
  1.3114645e-01
 -1.0272306e-03
 -1.2288130e-03
 -5.9435208e-04
  7.7161200e-02
  1.0419895e-03
  2.1878029e-03
  5.5040634e-04
 -4.3834012e-04
  1.6138653e-03
 -3.1237048e-04
 -4.0016025e-03
 -8.3206757e-04
  2.1599776e-04
  1.0874432e-03
  5.4582107e-01
  3.2414105e-03
 -1.0643249e-03
 -5.9170416e-04
  2.7069168e-03
 -1.8958885e-03
  1.5258420e-03
 -4.0745870e-03
 -2.4249579e-04
  4.9050461e-04
  4.3461286e-03
 -2.8855517e-03
  2.7428037e-03
 -2.6743002e-03
  1.9393667e-03
  9.9585755e-03
 -9.7460469e-04
 -2.1259114e-03
 -1.7185697e-03
 -5.7953792e-03
  7.0963376e-03
  1.8472021e-03
 -3.1800098e-03
  3.1065997e-03
 -9.7046679e-05
 -2.0884415e-04
  9.0676171e-05
 -3.2186063e-03
  9.4214379e-04
  9.2569396e-02
  2.4623000e-03
  1.3639007e-03
 -1.9899989e-03
 -1.2229370e-03
 -2.0299629e-04
  8.1577636e-03
  2.4011321e-03
  8.1838313e-03
 -1.9718574e-03
  5.7671285e-05
  1.9855362e-03
 -9.0492296e-04
 -1.0894149e-03
 -8.5459661e-04
  1.0107982e-04
  3.4468852e-03
  1.0315822e-03
  5.9288507e-03
  1.5206616e-04
 -1.5615025e-03
 -1.1240985e-03
  3.3220861e-04
 -2.3129355e-04
  7.2821579e-03
 -1.2689547e-03
 -1.2751945e-03
 -8.0114352e-03
  4.5330144e-05
  2.2330834e-03
 -8.9136313e-04
  2.7217646e-04
  2.7844927e-03
  3.9322328e-04
  6.8938173e-04
  5.6122786e-05
 -5.5583902e-03
 -8.3671388e-04
  4.4724583e-03
 -1.6028191e-03
  5.2138087e-03
 -2.6547234e-05
  1.0546690e-03
  2.7559625e-03
  3.0534093e-03
 -9.7155142e-05
  1.1481767e-03
 -2.4358500e-03
  2.5018968e-04
  9.4408164e-04
 -1.4596099e-04
 -5.8798702e-04
 -1.8856847e-03
 -2.2932307e-03
 -7.2332862e-04
  5.6927004e-03
 -1.6806320e-04
 -1.4195477e-03
 -1.8317020e-04
 -1.0778476e-03
  4.7277231e-03
 -1.5848884e-03
  2.5232020e-03
  2.7562208e-05
  1.5405142e-04
  5.0582486e-04
  3.9195977e-03
  2.8477423e-03
  4.0877435e-01
  3.6930298e-03
  1.4035210e-03
 -1.3726646e-04
  3.2282639e-03
  1.2915955e-01
  1.0979374e-04
 -6.2798681e-05
 -1.7443870e-03
 -1.8086997e-01
  8.7170333e-02
 -2.7508846e-02
  9.6338041e-02
 -5.2351668e-03
  6.3750002e-04
 -1.5753017e-04
  1.4038059e-03
  5.9845654e-04
  1.4812732e-02
 -9.8034535e-03
 -1.1960149e-03
  1.7932067e-02
 -3.3723813e-05
  4.2800391e-03
 -3.9326977e-03
  2.3618839e-03
  2.1185026e-01
 -8.0269743e-03
  2.1606495e-03
 -3.2819074e-02
  1.7457467e-03
  1.9439191e-01
 -2.3439082e-03
  2.6477522e-03
  9.5185034e-02
 -6.1545302e-03
  3.2902785e-02
  4.8728064e-03
 -3.2807432e-02
 -5.7402325e-05
  3.2590991e-01
  1.6892469e-04
 -2.3994190e-04
 -2.9726063e-03
  8.0232305e-04
 -4.3221381e-03
  1.1782021e-01
  1.6194863e-03
  2.2440429e-03
 -1.4686494e-03
  1.3221655e-04
  2.5280712e-03
 -6.7314557e-03
  2.0850108e-03
 -4.4562437e-02
 -2.3977726e-04
 -2.3262221e-03
 -1.0463709e-04
  2.6602851e-04
 -4.3827831e-03
  1.7003815e-03
  9.2219398e-04
 -6.4233383e-03
  1.2755981e-03
 -4.6504752e-04
  7.6431752e-04
 -5.1118893e-04
  2.1587331e-03
 -7.8541990e-03
  4.1215235e-04
 -7.6138210e-03
 -3.1409259e-03
  1.0405548e-03
 -1.4824209e-04
  8.5100508e-04
  2.4703279e-04
  8.9788418e-03
 -5.0729432e-04
 -1.2006497e-03
 -2.2962193e-03
 -7.7019460e-05
 -7.7300370e-05
  1.0906171e-04
  1.6055986e-03
  1.4416323e-03
 -1.7736343e-03
  1.1380626e-03
 -8.3492941e-04
 -6.2102400e-04
 -2.2734231e-03
 -6.5393129e-04
 -1.1203041e-03
  5.1495833e-03
  1.7355185e-04
 -9.6519878e-03
  8.1304507e-04
 -1.0430093e-03
  4.0480196e-03
 -4.5422814e-04
  3.8289427e-04
 -5.9638207e-04
 -2.1752041e-04
 -1.0690489e-04
  2.8589182e-03
  7.0171696e-03
 -4.2812219e-03
 -1.2449687e-03
 -2.3261632e-03
  9.6797718e-05
 -9.1136876e-04
  9.7829860e-04
 -4.1959565e-03
 -1.2093256e-03
  6.1074132e-03
 -1.8703208e-03
 -3.9390530e-03
  1.1795596e-03
 -1.1369332e-03
 -4.0191752e-03
  3.0020045e-04
 -7.7899007e-05
 -1.0259756e-03
 -3.5753791e-04
 -1.3986744e-03
  5.9680332e-04
  1.4166955e-03
  2.4144428e-03
  1.5890830e-03
  3.5622325e-03
  5.2885609e-03
  6.5695198e-04
  3.2877072e-04
  1.7228369e-03
  3.6112668e-03
  7.4730162e-04
 -5.9610060e-03
 -1.1544188e-03
 -1.3558558e-03
 -1.1626354e-03
 -3.3127863e-04
  1.2670096e-03
  3.3073218e-03
 -1.7994495e-01
  6.1749951e-03
 -7.1140220e-03
  1.1931401e-03
 -3.9016592e-04
  1.8258123e-03
 -4.3167747e-03
  4.5584897e-03
  2.1298258e-03
  3.9902076e-04
  1.2203758e-04
 -5.7219192e-03
  4.4224462e-03
  4.7325999e-03
 -4.3190178e-03
  1.0269484e-03
 -2.8654779e-03
  1.7359129e-03
 -9.1375702e-04
 -5.5598019e-04
 -1.3844810e-03
 -5.7482673e-03
  2.4520054e-03
  9.6525670e-05
 -9.4452698e-04
  4.1192019e-05
  1.7230774e-03
 -1.7715752e-03
  1.4444480e-03
 -1.6544393e-01
  1.0189859e-04
 -1.4095393e-04
 -3.7569428e-04
 -1.8653399e-03
 -4.3471527e-04
  3.4532326e-03
 -4.4334354e-03
  7.8790326e-04
 -1.2813330e-03
  2.4220167e-04
  3.2708712e-03
  5.4865307e-03
 -7.2652061e-04
 -9.9384261e-04
 -1.4126326e-03
  4.9365037e-03
  7.5055339e-04
 -1.2365521e-03
 -9.5727533e-04
 -7.2246860e-04
 -1.8672494e-04
  1.8932866e-03
  1.3307990e-03
  2.5240672e-03
  5.7586757e-03
 -4.0169898e-04
 -2.0927922e-03
 -5.5109849e-04
 -2.0748159e-04
  4.9928147e-03
 -1.8750614e-03
 -6.3127774e-04
 -1.8240679e-02
  3.3111679e-03
 -1.1342670e-03
 -4.0061679e-03
 -4.7657939e-04
 -1.0812661e-03
 -1.3524819e-04
  8.1390591e-04
  3.2783994e-03
  7.5076073e-01
  1.1367787e-03
  5.3519168e-04
  1.2179073e-03
 -1.4011571e-03
  5.2373519e-04
 -3.6902337e-03
  2.2567494e-03
  5.7853224e-05
 -1.3351050e-03
  1.3543677e-03
 -1.8447236e-03
 -2.2580489e-04
 -1.9071680e-03
 -9.2099828e-04
 -1.9864009e-03
  3.5228257e-03
 -2.1472943e-03
 -3.4034182e-04
  1.2317033e-03
  2.2912429e-04
  3.5124104e-03
 -1.7868109e-03
 -4.6872403e-04
  1.9890356e-03
 -2.3855275e-04
  1.1511551e-03
 -9.8441681e-04
 -1.4645654e-03
 -2.1598104e-03
 -2.1765127e-03
  8.6931599e-04
  5.4734445e-04
  6.3776871e-04
  4.7866648e-04
 -1.8007581e-03
  2.7029158e-03
  1.2630612e-03
  2.6066963e-02
 -7.7365534e-03
 -9.8978949e-04
  1.8170812e-04
 -1.2772129e-03
 -2.2496810e-04
 -1.9976515e-03
  2.0914515e-03
  2.5090643e-03
 -1.4888560e-03
  2.5088554e-03
 -5.4162163e-03
 -5.6134532e-03
 -1.2592799e-03
  6.8045518e-04
 -1.6423225e-04
  3.4648550e-03
 -1.3273472e-01
 -1.5674260e-02
 -2.3344396e-01
 -6.6443630e-02
  4.3045518e-01
  1.0837901e-01
 -7.5688749e-04
  3.4617167e-04
  2.1922791e+00
  1.4072794e-01
  2.0007568e-03
  2.5233909e-01
 -2.8772897e-04
  2.8864904e-03
  6.0905123e-01
 -2.2620818e-02
 -1.3055318e-03
  3.9343070e-04
  1.0967674e-01
  9.7923487e-01
 -2.8668049e-01
 -5.3965818e-04
 -2.2216780e-01
  6.7590016e-01
  9.3381554e-02
  6.3742203e-01
 -5.4086673e-01
  8.9933188e-04
  1.3957529e-03
 -9.2021941e-04
  1.0745049e-03
 -1.1996188e-03
 -3.2359535e-01
  3.3392210e-02
  1.3877743e-01
 -7.1458304e-01
  3.8726678e-01
  2.7085359e+00
  1.6904729e-04
 -5.1242195e-04
  1.5807773e+00
 -4.2399883e+00
 -5.4078823e-04
  8.0487150e-01
 -4.5553045e-04
  1.6540590e-04
  9.4222450e-01
 -2.2596957e-01
 -1.7272880e-03
  1.2458403e-03
  1.6635029e+00
  2.0612636e+00
 -3.2225657e-01
  3.6587110e-03
 -4.3500118e+00
  9.9477148e-01
  2.8096417e-01
  1.8944732e+00
 -7.4290127e-01
  2.3608520e-03
  9.8601868e-04
  8.4441435e-04
 -2.6322333e-03
  1.0456339e+00
 -5.5797369e-04
  5.5735186e-04
  1.6273088e-04
 -9.4709819e-04
  5.7480577e-04
 -8.2725188e-04
  5.2124192e-04
  3.4280049e-03
 -1.2698494e-03
 -3.8365120e-04
 -2.0035766e-03
  2.9376862e-03
  4.8361163e-04
  1.3872685e-03
  1.4349812e-03
  5.0445613e-03
 -3.3924398e-03
 -2.3680709e-04
 -7.1070273e-04
 -3.5606136e-03
  1.0582856e-04
  9.0214703e-04
 -3.8856623e-04
 -6.3004071e-04
 -2.4666917e-04
  1.5265699e-03
 -2.8348058e-03
  3.3914050e-04
 -9.0660347e-04
  5.6042331e-03
  3.9811363e-04
  6.9367461e-04
 -1.3631983e-03
  9.1978634e-04
 -1.9832702e-04
 -3.2765811e-04
 -2.4671527e-04
 -2.7961016e-03
  5.2378507e-04
  7.2073624e-03
 -2.8276430e-03
  3.1622188e-04
  6.4340013e-04
  1.4878712e-03
  1.5684181e-03
 -2.3689444e-04
 -1.7417993e-02
 -2.3211633e-04
 -6.8277447e-04
 -2.3944725e-03
 -3.1432305e-03
 -4.2708670e-03
 -8.0064806e-04
 -2.3422150e-03
  9.2989899e-04
 -8.9425332e-04
  3.7202917e-03
 -1.8133137e-01
 -1.9395060e-04
  2.4759520e-03
  3.4380287e-03
  6.8185497e-03
 -1.3066813e-01
 -4.5015723e-03
 -3.0677028e-03
  2.3025641e-01
 -2.7946439e-02
 -1.3155641e-04
  2.0816191e-03
  4.0958152e-04
  1.4367247e-02
  3.5019251e-04
 -2.1096286e-03
  8.4606083e-03
  4.5261142e-01
  9.9985862e-01
  5.0094915e-03
  3.2386505e-03
 -7.8851460e-03
 -1.4845645e-02
 -2.6117227e-04
 -1.5042481e-03
  8.4498264e-03
  1.1747991e+00
 -1.7170365e-01
  2.0039263e-03
 -1.5140271e-03
  2.8447255e-01
 -2.2846670e-03
 -5.3638761e-04
  3.0364329e-04
 -2.2582656e-04
  3.2438349e-02
  9.6302722e-03
 -2.0299379e-03
  9.9639455e-03
  2.6886265e-03
  7.8220211e-04
 -5.6969956e-04
  1.9055243e-03
 -3.3218134e-04
 -3.0633493e-03
 -7.8469142e-03
 -4.4705556e-04
 -5.6351046e-04
 -2.1260234e-03
  2.5766753e-04
  2.2192411e-04
 -1.2331543e-03
 -3.0319852e-01
  2.3380794e-01
  7.8895032e-02
  5.6633249e-02
 -7.3613090e-05
  8.0460426e-04
 -2.1407547e-04
 -5.9385502e-01
  6.6477114e-01
  2.3638470e-01
  9.6970069e-01
  3.5547949e-02
  2.5833917e-01
  8.1681041e-03
  3.8559136e-01
 -5.1186372e-02
 -1.0623997e-01
  1.6187263e+00
  1.9315997e-01
  1.0939425e+00
 -9.0431476e-01
 -5.1813815e-03
  8.5675076e-02
 -2.7810073e-02
  5.1596171e-01
  1.1260206e-02
  1.0947518e+00
 -5.7558745e-01
 -5.6440856e-02
 -5.5619228e-01
  3.4593195e-02
  5.8804518e-01
 -3.3051714e-01
  2.1755044e-01
 -3.1418076e-03
  1.0345803e+00
 -2.4246886e-02
 -3.4309351e-01
  4.0224377e-02
  1.8995711e-01
  9.6330315e-01
 -1.8899961e-01
 -8.6394086e-02
 -6.2251405e-04
  4.9492713e-02
  9.7209669e-04
 -4.7656603e-02
 -2.1258686e-01
 -2.6969960e-02
  6.5824308e-04
  7.8342028e-02
 -4.0785861e-03
  5.8441347e-01
  5.5333638e-01
  5.8706594e-04
 -4.7809756e-01
  5.6731158e-01
 -5.3133406e-02
  8.5714637e-05
 -1.0596966e-04
  3.9427510e-01
 -4.7636527e-01
  1.3317240e-03
 -6.1887614e-03
  1.3193451e+00
 -5.1674940e-02
 -8.4049897e-03
 -7.7376317e-04
 -1.2881109e-01
  1.5622485e-01
 -1.9742818e-01
 -1.5064845e-02
 -3.9877000e-01
  4.0883887e-01
 -2.8243467e-01
 -1.3015768e-01
  1.7720653e-01
 -3.0505985e-01
 -2.8018213e-03
 -7.5481027e-01
  4.5624550e-02
 -8.9231106e-03
  2.1071376e-01
 -9.4876510e-01
 -4.1783810e-01
  2.7985975e-01
  1.3833041e-02
  7.3989118e-03
  1.8365814e-04
 -6.7767152e-04
 -1.2637411e-01
  4.1704252e-03
  5.6146449e-01
  2.4796370e-01
 -1.2257508e-03
  2.5243217e-01
 -1.2213014e-01
  1.3636693e-01
  5.2212351e-03
 -7.9404302e-03
  4.7465498e-03
  1.2267523e+00
 -1.8722534e-01
 -3.1149213e-04
 -2.1773526e-03
  6.1011087e-04
  5.4705450e-03
 -6.3040975e-04
 -4.2513241e-03
  9.8179281e-04
 -6.4396095e-03
 -6.9047906e-04
 -5.1321759e-04
 -1.0623049e-03
 -1.1163187e-03
 -2.8203868e-03
  9.2978170e-04
  6.9497072e-04
 -3.6305173e-05
  3.4351471e-01
 -1.8042034e-03
 -1.0406231e-03
 -1.5428703e-03
  1.7694625e-03
  3.0814873e-03
 -7.1424467e-04
  1.3074523e-03
  1.7622859e-03
 -3.7409633e-03
 -1.2229597e-04
  3.7644993e-04
 -3.9808140e-03
 -6.4981374e-04
 -2.0029841e-03
  9.3591159e-05
  2.0092910e-03
 -1.7733433e-03
 -2.3453473e-03
 -7.6864683e-04
  5.6641566e-04
 -3.6030003e-01
  5.8852427e-04
  5.1389770e-03
  3.7629765e-05
  5.3819362e-04
 -1.4437007e-04
  3.4251440e-01
  1.3128523e-03
 -2.0692879e-03
 -2.0356597e-04
  9.8968379e-04
  1.2007995e-03
 -6.9317161e-06
  1.2682022e-03
 -3.1252729e-03
 -4.5080212e-04
  1.9522723e-03
 -6.8656245e-04
  1.4791595e-03
 -2.1000986e-03
  8.8190427e-03
 -5.5212635e-01
 -1.3786264e-03
  4.7620479e-03
  2.1671368e-01
  2.7781442e-01
 -1.1443273e-03
  4.7660202e-02
  1.3099238e-01
 -3.5753062e-01
 -5.5986765e-04
  1.0793941e-01
  1.6493510e-01
 -6.6654660e-02
 -9.1447926e-01
  2.6207593e-01
  7.5838029e-01
  9.8336895e-04
  1.6137764e-01
  1.0537939e+00
  4.6373177e-02
  1.2861556e+00
  4.8919924e-02
  7.9236060e-01
  3.6867800e-01
 -7.5140089e-02
  7.4058049e-03
  1.6978404e-01
  6.1885679e-01
  6.4417208e-03
 -3.6302991e-02
 -9.2756408e-01
 -1.2137559e-01
  1.1550113e-01
  9.9739718e-01
 -3.1687284e-03
 -1.0120585e-03
  5.5921018e-01
  7.2606432e-04
  9.5884317e-01
  3.5730827e-01
  6.3622475e-01
 -1.6150430e-03
  6.3081317e-02
 -5.5324730e-02
 -1.5626438e-03
  4.1977633e-02
 -3.8630106e-02
  3.5051090e-01
 -3.9323509e-02
 -5.8540987e-04
 -6.9620513e-04
 -1.0471353e-03
 -1.6180559e-03
  1.1994159e-02
  1.4981216e+00
 -6.7667156e-01
 -2.3325652e-01
 -1.7653033e-01
 -1.5460862e+00
  1.6587655e-04
  5.0736370e-04
  3.9278073e-04
  6.1496687e-01
 -8.7908031e-03
 -9.2870420e-01
 -3.6055657e-01
 -1.6011467e+00
 -1.5653954e+00
 -3.8087040e-01
 -1.0571375e-02
  2.0207742e-03
  5.5317402e-02
 -3.9841545e-01
 -9.2545189e-03
  9.9465646e-02
  6.6722721e-01
  1.2523633e-01
  2.4194985e-03
  1.0688275e-01
 -1.0910067e-03
  4.7495286e-04
  1.7202790e-03
 -3.5975975e-01
 -9.6408200e-01
 -5.9631276e-01
 -6.7101544e-01
  6.4627564e-01
  1.8226051e-03
  6.3255653e-02
 -4.6261373e-01
 -5.9776340e-04
 -1.1459726e+00
 -1.4458051e+00
  9.1751158e-01
  8.9838365e-03
 -1.9458648e-02
  1.2230904e-01
 -7.5265057e-02
 -1.0106011e-03
  1.2664483e-02
 -6.6283233e-02
  2.1067557e-03
  6.2971152e-03
 -3.5329186e-03
  8.0311653e-04
 -2.8623062e-01
 -3.4589120e-05
  2.2793530e-01
  2.9751884e-03
 -5.6155735e-01
  7.6610759e-02
  4.1221020e-01
 -1.2582667e-02
  1.1853407e-01
 -3.3369730e-04
  2.7538073e-01
  5.5554670e-01
  2.7248398e-03
 -3.1074713e-05
  1.3027945e+00
  6.6443481e-02
 -4.4632614e-02
  9.2226658e-03
  4.4714609e-01
  1.4689212e+00
 -6.6028726e-05
  3.7821198e-03
  4.8872843e-01
  1.5356748e-01
  6.7347693e-01
 -7.7114660e-01
  6.2385142e-01
 -7.0922559e-01
  1.2930149e-01
  6.2137410e-02
  4.8663059e-01
 -3.8734048e-03
  1.6629348e+00
 -5.0085700e-01
 -2.8902364e-01
  3.8089088e-01
 -2.9679101e-03
  7.2308248e-01
  6.8044819e-02
 -3.8686085e-05
 -4.7276378e-01
  1.3712507e-01
 -2.5316513e-01
 -2.4390069e-01
  5.1820558e-01
 -1.8007439e-04
 -8.2174279e-02
  2.0539842e-03
  1.5347986e-03
 -3.7870565e-03
 -5.8764988e-03
  2.4389169e-01
 -2.0273300e-02
  1.1142702e-02
 -5.0457718e-04
  1.2912722e-03
 -6.2528953e-02
  1.5185391e-02
  1.7521458e-02
 -9.8326209e-04
 -2.0778516e-01
  2.5828416e-03
 -8.5260570e-03
  2.0961126e-03
 -6.8704054e-02
 -6.6380471e-02
 -4.3426859e-03
  2.3673065e-03
 -1.9896093e-01
 -8.5520399e-01
  3.6127791e-01
 -1.1493298e-03
 -4.7331974e-01
 -3.8195930e-02
 -6.3036358e-01
 -7.5909920e-02
 -4.6063513e-01
  9.0093482e-01
 -2.8297362e-01
  1.1924017e-03
 -5.0394511e-01
 -9.8425575e-02
 -6.2912526e-03
 -7.8344136e-01
 -1.6061814e-01
  1.9790630e-03
 -1.0388358e-04
  1.3583754e-01
  8.0905104e-01
 -2.0033424e-03
 -7.9160050e-04
  4.2566788e-04
  6.4188451e-01
 -7.9113260e-02
  4.2022842e-01
  2.1983188e-02
 -4.9441778e-03
  8.3662856e-01
 -3.4909281e-03
 -2.2086829e-02
  8.4545882e-03
  4.4897371e-03
  1.9551343e-03
  3.1748812e-03
 -9.1847181e-03
  2.9459235e-03
  1.2866710e-03
 -1.2378708e-03
  2.2904370e-02
  2.8080782e-03
 -3.1887225e-03
 -9.5568178e-04
 -9.0886997e-03
 -7.8246469e-04
  4.5157518e-04
 -8.7112057e-05
 -1.8963901e-03
 -8.1026560e-04
  5.7090964e-04
 -7.5696106e-04
 -1.0527194e-03
 -3.7406734e-04
  3.0430593e-04
  1.8868824e-02
 -9.5872367e-03
  6.2459375e-04
  4.0615905e-02
  1.3407638e-03
 -1.0883297e-03
  2.7721305e-03
 -6.7958383e-05
 -3.1267377e-04
  1.6380019e-03
  1.2323945e-03
  3.1725795e-03
 -5.6281214e-04
  6.2127865e-04
  2.0173341e-03
  7.9412378e-02
  8.1463944e-04
 -7.9737151e-01
 -6.9067553e-02
  7.8089000e-04
  9.8442880e-04
  3.8645801e-03
  3.4167085e-04
 -4.2511907e-04
  1.4720624e-04
  7.2354327e-05
  8.2249939e-04
  7.5735569e-01
 -1.8145402e-03
  1.5873848e-03
 -2.3898564e-04
 -4.1801534e-03
  2.3365710e-03
 -1.8069412e-03
  5.2588535e-03
  1.3346080e-03
 -7.6279556e-04
 -3.2812101e-03
  3.2059438e-04
 -2.0485457e-04
  2.3291020e-03
  1.5770772e-01
 -2.3545585e-04
 -3.4111352e-03
 -5.1938818e-04
  3.4899313e-03
 -7.7932179e-03
  6.8404753e-04
 -2.0006865e-03
  2.5829219e-03
  2.1976193e-04
 -1.7558498e-03
  1.0683561e-03
  3.1841519e-01
  7.0563395e-04
 -1.6832289e-03
 -8.0010010e-04
 -5.1184278e-03
 -4.1596190e-04
 -1.7110605e-03
 -1.1087437e-03
 -3.1727091e-03
  6.2658004e-03
  2.2641656e-03
  3.3403863e-05
 -3.6613506e-03
 -1.7608620e-03
  1.7459336e-03
 -4.6426637e-04
 -1.0113929e-03
  9.6227147e-04
  7.7670848e-04
 -1.1191911e-03
 -1.8389606e-03
 -1.3394767e-03
 -4.4829072e-04
 -1.0145996e-04
  2.9705055e-03
  8.4048275e-05
 -7.4819679e-04
  8.2905935e-03
 -8.1212190e-04
  8.5913361e-04
 -1.5878158e-03
 -1.3484287e-03
  3.1612660e-03
  5.4823924e-03
 -7.5013041e-03
  9.9651387e-04
  2.0249439e-03
 -5.6448189e-04
 -2.8744699e-03
 -1.9008004e-03
  4.9705530e-04
 -1.2765906e-03
  2.5781291e-03
  2.5381340e-02
  4.2100023e-03
  1.8472638e-03
  4.4303727e-03
  1.8345115e-03
 -1.8664879e-03
  3.2283291e-03
  2.2082846e-03
  3.5271494e-04
  1.7221174e-03
  2.2650571e-03
  3.6565639e-02
  5.4096626e-03
  1.9838827e-04
 -1.3149653e-03
  2.1406810e-03
  4.9873199e-03
  2.2560307e-04
  1.8167123e-03
  3.9394298e-03
 -3.5610557e-01
  5.3436062e-03
 -6.3853513e-05
  3.9329170e-03
  4.6878564e-04
 -7.6830422e-04
 -1.0821925e-03
 -4.6839230e-04
  1.4958231e-03
 -1.0996404e-02
 -2.0629783e-01
 -1.5772209e-03
  3.4643442e-03
 -2.7273497e-01
 -2.7151727e-03
 -2.7813975e-04
  1.5396428e-03
 -5.3869621e-03
  5.5905175e-03
  1.2702385e-01
 -2.7621727e-04
  7.3642373e-02
 -2.2651975e-03
 -2.4335954e-04
  1.1010293e-03
  7.7219801e-03
 -2.4498969e-03
  3.3530840e-03
  1.7369002e-01
 -1.8801887e-03
  3.7397523e-03
  6.3864508e-04
 -7.2496110e-03
 -4.1722124e-03
  2.3447992e-03
  1.4070485e-03
 -3.4617179e-03
  9.1015809e-04
  5.8874819e-05
  3.8991831e-03
  5.6712067e-04
 -7.8764942e-04
  5.9269611e-03
  6.1387126e-04
 -3.1781609e-03
 -3.0816488e-03
 -4.1138066e-04
 -4.1864722e-04
 -6.3479593e-04
 -1.5272673e-02
 -7.3855411e-04
 -1.7379136e-03
 -9.2487567e-04
 -1.4541359e-03
 -1.7593134e-03
 -4.4689570e-02
  2.1029601e-01
 -2.5993174e-02
  3.9208401e-03
 -3.5555947e-03
  2.0093638e-02
 -7.7022635e-04
 -9.0916618e-04
 -4.5541739e-03
  1.1154026e-02
 -6.6380337e-04
 -4.8282698e-02
  9.6922892e-04
 -2.6565122e-03
 -2.6077214e-03
 -8.5589784e-04
  1.7879750e-03
 -5.4863311e-04
 -3.0060822e-02
 -1.0397250e-03
 -9.1018644e-04
 -6.8876548e-03
  8.1389805e-04
  1.0921009e-04
 -4.5210151e-03
  2.0859228e-03
  3.3700506e-03
  1.5838350e-04
  6.7747664e-03
 -1.0030301e-02
  2.8728016e-03
 -2.9371993e-03
 -9.0820604e-04
 -5.4582104e-04
  1.2160812e-03
  9.8533090e-04
  1.1714057e-03
 -2.1344243e-04
 -2.5231058e-03
 -1.8474980e-03
  1.2964086e-03
  5.3445171e-03
  4.3533756e-03
 -3.3560691e-03
 -3.0157429e-03
 -2.3761161e-03
  2.1940083e-03
 -2.3125340e-03
  3.5785066e-04
 -2.7523895e-03
 -1.4551032e-03
 -5.5291416e-04
  2.1730799e-03
 -2.3912184e-03
  4.4683009e-05
  1.5213676e-03
  4.1145561e-04
 -1.3625325e-04
  2.1740275e-03
  2.7575421e-03
 -1.0308390e-03
  2.0514224e-03
 -4.0724440e-03
  4.3781221e-04
  1.7470060e-03
  5.5366345e-03
 -2.0257983e-04
  1.6885920e-04
 -7.7138841e-04
  7.9034176e-04
 -9.8642420e-05
  1.5884021e-03
  1.1830602e-04
 -7.5062999e-04
 -2.0460342e-03
  4.2808868e-04
 -3.2705971e-04
  2.1857633e-03
  2.6757368e-03
  5.5350084e-04
  2.8571768e-03
  3.4419443e-03
  3.2231788e-04
 -8.6374074e-04
  1.2347766e-03
  2.9482592e-03
 -1.4960638e-01
  4.9563771e-04
  3.7231983e-04
 -3.1326471e-03
  4.6889950e-03
 -1.1443697e-03
 -7.7726650e-03
 -1.4542246e-03
 -3.8543520e-03
  9.5846801e-05
  6.2035379e-04
  1.4514431e-04
  8.9414400e-04
  5.7280638e-05
 -3.0704439e-03
  1.8348432e-03
  1.8072895e-04
  1.9394261e-03
  5.5770861e-04
  1.6989812e-03
  2.8563796e-03
 -4.3206313e-03
 -5.2432707e-03
  4.3310545e-05
  4.6208440e-03
  1.0753234e-03
  3.8353582e-03
  2.4212686e-05
 -5.9305120e-04
 -2.1402046e-04
  1.8888782e-03
 -3.1159478e-03
  1.7317502e-04
  1.5961952e-03
  8.4031788e-05
  1.6684575e-03
  3.3124259e-03
  7.2703999e-04
 -9.6901011e-04
  4.6981467e-04
  8.4763682e-03
 -1.1643798e-03
 -3.6195356e-03
 -4.9098762e-05
  2.1127905e-03
  1.2885454e-03
  4.1194505e-04
  1.8510697e-04
 -2.7868680e-03
 -9.2645909e-04
 -7.1144174e-04
  9.4989140e-04
  1.9695541e-04
 -8.2144402e-03
 -3.3964871e-03
 -1.3032121e-03
 -2.1274977e-03
  6.5356982e-04
  6.9175189e-04
  1.2368463e-03
  4.7643837e-03
  3.4323742e-03
 -1.6525885e-04
 -1.6298242e-03
 -3.9524138e-03
  1.3663722e-04
  1.5012241e-03
 -1.2673280e-03
  5.4545812e-03
 -3.4990464e-03
 -2.1259517e-03
  1.9999428e-03
  2.2298533e-03
 -1.0476375e-03
 -2.9683136e-03
 -2.4210091e-03
  6.7723650e-03
  1.7982990e-03
 -1.0639532e-03
  4.6805308e-05
  4.0390827e-03
 -9.6602977e-04
  8.5495732e-04
 -1.2574109e-03
  2.1579233e-03
 -2.1793193e-04
 -1.2592850e-03
 -2.2218046e-03
  1.4231888e-04
 -3.3636350e-04
  2.2612435e-03
  3.3241236e-03
 -4.4796368e-05
  6.1782257e-04
 -3.8288912e-04
 -1.7963960e-03
 -4.1909087e-03
 -5.5956375e-03
  1.8755220e-03
  1.0320549e-03
  6.5794775e-05
 -1.9569282e-04
 -7.0457528e-03
 -4.5373407e-03
 -3.0462649e-03
  8.6717562e-05
 -2.7963021e-03
 -3.0363491e-03
  5.8507328e-03
  7.4784453e-03
 -5.2723824e-04
 -3.4039463e-03
  2.1940165e-03
 -9.3767449e-04
 -5.9758109e-04
 -4.4099386e-03
 -1.1039592e-03
 -1.1304998e-03
  1.8672190e-03
 -2.3391268e-03
 -2.3825758e-03
 -1.3370605e-02
  1.9017966e-03
 -1.6451393e-03
  2.4011621e-04
 -1.3950956e-03
 -1.0562433e-03
  9.2339137e-04
  1.4769139e-03
  1.5422639e-03
 -4.2707655e-03
 -1.6149841e-03
 -2.2126494e-03
 -1.1529205e-03
  1.2024039e-03
  2.2566244e-03
  7.3761848e-06
  2.1615718e-03
  4.2213252e-04
 -8.3848005e-03
 -6.3324044e-04
  1.7958251e-05
 -9.2295016e-04
 -4.8856142e-05
 -3.8586621e-04
 -2.1008700e-03
 -4.4075138e-04
 -8.8296214e-04
  2.9120957e-03
  1.1426785e-03
  4.5554122e-04
  4.8327637e-03
  4.7400952e-03
 -1.3212456e-03
  3.3999447e-04
  6.4888885e-03
  1.4607796e-05
 -8.6953528e-03
 -9.7633171e-04
  2.3248023e-04
 -4.1128295e-03
  2.5532253e-03
 -9.7246456e-01
 -7.3505616e-01
  1.0885619e+00
  2.6798065e+00
  6.4247531e-01
  1.8851554e+00
  3.2027951e-03
 -1.1997072e+00
 -2.2918032e-01
  1.8317085e-02
  1.8074086e+00
  9.0956412e-02
 -6.5773010e-01
  2.3129153e+00
  5.5448866e-01
  1.2529033e+00
 -1.4040091e+00
  1.0148590e-01
 -5.0157472e-03
  1.0883211e+00
  4.7672594e-01
  9.3099254e-01
 -1.1076149e+00
  1.1149803e+00
  2.9785562e-01
  3.2669235e-02
 -7.9142249e-01
  5.3820354e-01
  6.2816632e-01
  1.9731051e+00
  1.9658549e+00
  1.0203232e+00
  6.3597792e-01
 -3.7008962e-01
  5.3453964e-01
 -5.4990089e-01
  2.9082865e-01
  6.5631127e-01
  1.2481536e-01
  3.5318894e+00
  1.1799693e+00
  8.8712204e-01
  1.6278956e-02
  2.6064953e-01
  5.3201646e-01
  1.1597252e-01
 -6.1641574e-02
  5.1306179e-03
  3.7787739e-02
 -4.6250007e-01
 -8.5181296e-01
 -3.5643196e-03
  7.7233332e-01
  2.3589365e-03
 -1.4859867e+00
  7.9555482e-01
 -1.0857847e+00
  1.4864208e-02
 -1.5053446e+00
 -9.2601478e-01
 -2.3740225e-01
 -2.6891776e-03
 -1.1322536e+00
 -6.0943496e-01
  1.1563797e-02
  4.2628729e-01
 -6.4534473e-01
 -5.3780264e-01
 -1.0036160e+00
 -1.5787317e+00
 -1.5622454e-03
 -9.3237048e-01
 -5.6979813e-02
  8.8918984e-01
  1.4024952e-01
  5.4662827e-02
 -3.7666896e-01
 -6.8944740e-01
 -6.3117698e-02
 -3.2116094e-01
 -1.7761902e-04
 -9.0549654e-01
 -2.2919339e-01
 -2.8529990e-01
 -6.9281667e-01
  1.0627769e-01
 -8.6761230e-01
  1.1618844e-01
 -2.0815065e+00
  5.5952322e-01
 -1.0879174e+00
  9.2373624e-02
  3.1577384e-01
  1.9440866e-01
  6.0261840e-01
 -2.1578673e-01
 -3.6975425e-01
 -3.1212068e-01
  1.6055932e-02
 -3.7400728e-01
 -6.4687729e-02
  2.1391975e-02
  6.0834521e-01
  5.9777135e-01
 -5.3142472e-03
 -2.3566803e-03
  3.5531431e-02
  1.3702298e-03
  6.6214293e-04
  3.7030093e-03
 -2.0171361e-04
  6.8527195e-05
  2.3594154e-03
  6.8779942e-04
  2.6158937e-03
  2.3152153e-03
  1.4427799e-03
  1.1982930e+00
  2.1753470e-04
  6.9468170e-03
  1.6507475e-03
  3.0089307e-04
 -2.7786670e-03
  5.5281376e-03
  7.4246002e-04
  1.3838941e-03
  1.1150184e-03
  1.8020569e-04
 -8.8658958e-04
  2.3010313e-03
  3.2089721e-02
 -2.1785620e-01
 -5.8618578e-05
  1.8894947e-03
  2.5745702e-03
 -1.3626601e-04
 -3.3125043e-04
 -7.6443758e-03
 -4.7966070e-03
 -2.6152683e-03
  1.3537294e-03
  1.9927972e-03
  1.3999448e-03
  3.1398819e-03
 -1.8131179e-03
 -1.7067206e-03
 -2.5669115e-03
  2.9509866e-03
  3.1867548e-04
 -3.9692819e-03
  9.3677815e-04
  2.6531244e-04
 -1.4411486e-03
  1.0217042e-03
 -1.0248373e-03
  1.2290541e-03
 -1.6927124e-03
  3.0124999e-04
 -1.2567790e-03
  1.8788317e-03
  5.5157498e-04
  3.2805689e-04
 -4.3940370e-05
 -1.2754676e-02
  1.5252302e+00
 -6.4058751e-01
 -5.0980121e-02
  1.9842032e-01
 -4.0594009e-03
 -2.4361213e-04
 -3.8117692e-02
 -2.1901210e-01
  5.8861449e-02
 -8.2583455e-03
  1.0950720e-01
  8.8745034e-01
  5.1411194e-01
 -2.0400945e-03
 -2.3025392e-02
  2.0339376e-01
 -3.5839840e-03
 -3.2762438e-02
 -3.0670425e-01
  4.5979488e-01
 -4.6198255e-01
  1.7594861e+00
 -7.0867017e-02
  1.7491178e-01
 -6.2421519e-01
 -1.0807301e+00
 -1.8191451e-02
 -1.1903483e-03
 -4.1985542e-01
 -1.2728009e+00
  7.1445596e-01
 -7.6254207e-01
  1.6313271e-01
 -1.9666930e-01
 -9.7711027e-01
 -1.4117378e-01
 -2.2668064e-05
 -1.9513129e+00
  1.1251240e+00
  9.2528090e-02
 -6.1291850e-01
  2.8614004e-03
  4.5468532e-03
 -2.8249051e-03
 -1.0742120e-02
  4.0718163e-03
  6.8606335e-01
  8.9111207e-03
  4.3204732e-02
 -1.8669402e-02
  3.3062935e-04
  1.2577581e-03
 -1.2125985e-03
  2.8520537e-04
  4.5388918e-03
 -3.4033805e-03
 -4.1422872e-03
 -1.7022603e-03
 -2.5963734e-04
  2.0198207e-04
 -2.2042166e-03
 -2.7791704e-05
  1.2440796e-03
 -1.0301502e-04
 -4.8526637e-03
 -3.5458005e-03
  5.1129033e-04
 -5.6301551e-03
 -3.3099707e-02
  1.3120811e-03
 -2.1067366e-04
 -3.1865076e-03
  2.7631316e-03
 -3.2792508e-03
 -1.0481096e-03
  8.7850822e-05
 -1.8120555e-03
  1.0754615e-01
 -4.9904929e-03
  2.4912493e-02
 -9.7936613e-04
  2.6371628e-03
  1.1737000e-02
  5.6421105e-03
  1.2799719e-02
 -5.3925905e-04
  8.6764799e-04
  2.4965275e-03
 -2.9216146e-03
  2.5542101e-04
  4.4568744e-04
 -2.0272923e-03
 -2.7391654e-03
 -7.8069611e-04
  1.7937539e-03
  2.4519609e-03
 -6.7625858e-04
  7.3588872e-04
  4.1880332e-02
 -1.9055716e-04
 -7.3698285e-04
 -2.1675671e-03
 -5.5006873e-03
 -2.1347913e-04
  1.5573250e-03
 -1.9281316e-03
 -5.8844441e-04
 -2.0776065e-03
 -3.1214191e-03
  1.8663799e-03
 -1.7662889e-04
 -2.2156141e-03
 -1.1161398e-03
  3.1227120e-03
  1.6245496e-03
  9.8241121e-04
  9.0041387e-05
 -5.3541274e-03
 -5.4881482e-05
 -1.8651444e-03
  4.1914969e-03
 -8.3039002e-04
  7.0387068e-05
 -3.7023798e-03
  2.6257343e-03
 -2.8760287e-03
  8.3695247e-04
 -4.9399713e-04
  5.2340860e-03
  6.8159075e-04
  3.3556405e-04
  1.6100612e-03
  3.1107448e-03
 -8.7244069e-04
  2.6531816e-05
  3.0008880e-03
 -3.5682039e-03
 -2.5365112e-04
  1.1721230e-03
  4.7777309e-03
 -9.3556533e-04
  5.4914749e-04
  5.7767206e-03
 -2.1350209e-04
  1.4422900e-03
 -3.5740650e-05
  1.8419353e-03
 -1.4955429e-03
  3.6387882e-04
  2.0071804e-03
 -3.0286519e-03
 -4.1310615e-03
 -1.0848186e-03
 -6.7535863e-04
 -2.2850432e-03
  7.2882767e-04
  3.3982783e-03
  1.7490884e-03
  2.1076291e-03
  2.3817611e-03
 -1.7022895e-02
  2.7346706e-01
 -1.9628507e-01
 -3.0143636e-03
  1.9467690e+00
 -1.9194001e-01
  7.3611899e-04
 -4.3369457e-02
  3.2926194e-02
  1.1599318e+00
  1.2664899e-02
 -7.2361212e-03
  9.1111439e-01
  1.1073036e+00
 -9.6731430e-01
 -2.6835144e-01
 -1.6844422e-01
  2.4807212e-01
  3.5188612e-01
  9.3335146e-01
  6.4233166e-01
 -9.4556260e-01
 -8.0645645e-01
 -1.6795084e+00
 -6.6156364e-03
  9.6705534e-02
  7.3112595e-01
  7.0103681e-01
 -2.0761037e-01
  5.8111620e-01
 -6.3115025e-01
  1.2345294e+00
 -1.0901985e+00
  5.7873106e-01
  2.7368209e-01
  5.5879742e-01
  2.7461475e-01
  5.7607561e-02
  5.8747659e-04
 -2.9050738e-01
  1.6258121e+00
 -2.4290052e-01
  3.3594590e-01
  6.7059450e-02
  8.8085026e-02
  2.4119066e-03
 -5.4956260e-03
  1.3287050e-04
  5.8226227e-03
 -8.5077935e-01
  4.8181437e-02
 -2.1486370e-02
 -9.3033276e-02
 -7.2490383e-04
  1.3887519e-03
  9.4659749e-04
  2.2178518e-03
  1.2954553e-03
  6.1199593e-04
 -1.7685266e-03
  2.3721943e-03
  1.1880819e-03
 -2.1706962e-03
 -3.2693523e-03
 -1.3626849e-03
 -3.2976768e-03
 -7.3518691e-04
  4.2354286e-04
 -1.1767577e-03
 -5.6663710e-03
 -4.3081907e-03
  4.2974949e-03
 -7.3217694e-03
  8.8770624e-04
 -7.3185476e-04
 -3.8932813e-03
 -1.3400448e-03
 -2.2263960e-03
 -3.3516390e-04
  1.2826869e-03
  2.0686553e-03
 -1.0976889e-03
 -2.6384378e-03
  1.7304958e-03
 -2.2009548e-04
 -2.0270786e-04
  3.6850269e-03
 -2.8449532e-03
 -2.7353410e-03
  1.5295953e-03
 -1.9239906e-03
 -7.0966105e-03
  3.3840907e-03
  3.5335436e-03
  1.3499494e-03
 -2.9875278e-03
 -1.2062865e-03
 -1.0601339e-03
  7.7618961e-04
 -2.2050268e-03
 -8.1761635e-04
 -7.0173766e-05
  2.5167398e-04
 -1.0414245e-03
  1.0816757e-04
 -1.0080449e-03
 -2.3155489e-03
 -2.5905117e-03
  9.6360955e-04
 -2.2338417e-03
  2.4924625e-03
 -1.0092851e-02
  1.0545668e-03
 -2.4022673e-04
  2.1298300e-03
  5.5828335e-04
 -8.0170023e-04
 -4.4145738e-04
  2.5196406e-03
  2.2299381e-04
 -2.8143390e-03
  3.1460561e-03
  3.0674436e-03
  1.9360794e-04
 -1.3124432e-02
  1.9246280e-03
  3.7665451e-03
 -5.2777521e-04
  8.2848012e-05
  1.3864863e-03
 -1.1283373e-03
  3.6159239e-04
 -3.2192622e-03
  1.2489313e-03
 -3.0183708e-03
  1.4318939e-03
 -1.8250162e-02
  1.2952768e-03
  6.1176479e-04
  7.1035479e-03
 -7.9212219e-01
  1.3821994e-04
  4.6970593e-04
  1.1634639e-03
 -2.1095369e-03
  2.9874584e-03
  5.1523792e-04
 -4.0306672e-03
 -1.3456117e-04
  9.7842887e-03
  4.0802225e-03
  1.9382961e-03
 -2.7741694e-03
 -2.7274550e-03
  4.7062929e-03
 -1.4995257e-03
  2.0168709e-04
 -1.7124383e-03
  3.8451944e-03
  1.2024634e-03
  1.8997982e-03
  1.8419271e-03
  2.3990981e-03
  1.2036754e-03
 -9.8180934e-04
 -1.1312446e-03
 -1.4510230e-04
  1.4071980e-03
  1.8820477e-03
 -9.8172233e-05
 -1.9841632e-03
 -1.4183519e-04
  3.9647231e-03
  9.1951191e-03
  4.4552531e-04
  4.8831361e-04
  3.3065057e-03
 -9.5931685e-04
  1.9938734e-03
  1.6653322e-03
  5.0156697e-05
  2.1650575e-03
  2.2354266e-03
  4.4951905e-04
 -1.2009708e-03
  3.5340287e-04
 -6.0177194e-03
 -2.1947932e-03
  8.3153130e-04
 -5.7046753e-05
  5.8891904e-04
  3.3170402e-03
  7.3245075e-03
 -4.9379398e-04
 -1.4224006e-03
 -2.1314487e-04
  7.6649431e-04
  3.0734141e-03
  1.7592587e-04
  4.1313809e-03
 -9.8302949e-04
  1.5797060e-02
 -3.7158094e-04
  8.1242359e-04
  3.0297395e-03
  1.9694928e-03
 -2.6738894e-04
  1.5720907e-03
  1.4548465e-03
 -5.2106526e-04
 -1.4768299e-03
 -2.1078084e-03
 -2.6048096e-03
 -2.6355642e-03
  2.3305963e-03
 -2.0749629e-03
  5.8497564e-04
 -1.3143327e-03
  1.8513894e-04
  7.6956715e-04
 -1.2960790e-03
 -1.7917911e-04
 -2.1575622e-03
 -5.2142621e-04
 -7.0069822e-05
  1.7635500e-03
 -2.6703128e-03
 -2.0958039e-03
 -7.6162984e-04
  9.8344986e-04
 -1.9595602e-03
  1.1040668e-03
 -7.7132205e-04
 -7.6638046e-04
 -1.0404543e-03
  9.5812131e-05
 -1.2796120e-04
  1.0299806e-03
  1.7028711e-03
 -9.0527703e-04
  3.9922327e-04
 -5.2486040e-04
  2.8441323e-04
  5.3731375e-03
 -2.4407434e-03
  1.2191342e-03
 -9.5567992e-04
 -1.5850986e-03
 -7.6587143e-04
 -1.0252332e-03
  1.2625502e-04
  1.5779063e-03
 -6.5353612e-04
 -1.0137802e-03
 -8.4202283e-04
  1.3227771e-03
  3.1038136e-03
 -3.4528645e-03
  3.6390796e-03
  1.2204697e-03
 -5.2332651e-04
  2.3566068e-03
  1.6877980e-03
 -1.3696534e-03
  3.1620089e-02
  5.8293738e-03
  2.7716423e-03
  5.2388017e-03
 -1.9709994e-03
 -5.5908033e-04
 -2.0206922e-03
 -5.2491222e-03
 -9.9770747e-02
 -3.9817614e-04
  1.4175367e-05
  8.7311841e-04
 -1.7189964e-04
  2.2542439e-03
  1.2164961e-03
 -1.1881436e-02
 -5.4422463e-04
 -8.7183987e-04
  3.0957490e-01
  3.2491001e-01
 -5.0078272e-03
  2.4270033e-03
  4.4688746e-02
 -1.4835207e-02
 -3.2908525e-02
  4.7371746e-03
  5.7687415e-03
  1.4878095e-02
  5.6728244e-02
  2.0668586e-03
  1.8583281e-03
  2.3498409e-03
  3.3395304e-04
 -3.2127881e-04
  3.4175161e-03
  1.2801548e-03
 -4.8577306e-01
 -6.2423795e-01
 -2.4300860e-03
  3.2174974e-03
 -4.7949237e-01
 -1.0817518e-03
  3.3405514e-03
  2.9139164e-01
 -8.8567045e-03
  2.8273305e-01
  2.8358147e-01
 -1.3180348e-02
  3.4035856e-03
  5.1260418e-03
 -1.7904409e-03
  1.1200242e-03
  1.4831414e-03
 -1.7000427e-02
 -2.6482025e-03
 -5.3323427e-04
  4.1939612e-03
 -1.1048432e-03
  5.7964155e-04
  1.5990505e-03
  3.9048641e-04
  1.4728095e-02
  7.5634044e-01
 -2.4186881e-02
  3.0596262e-02
 -4.6213148e-03
  3.3410499e-04
  4.8996634e-03
 -1.1540809e-02
  1.9471881e-01
  2.3085922e-03
 -2.0807553e-03
  9.0993202e-01
 -5.4071331e-01
  9.8318088e-01
 -2.0859836e-01
 -1.1753514e+00
  7.4772678e-02
 -3.8977066e-04
  2.2480072e-01
  5.0867302e-03
  3.5043108e-01
  4.0529066e-01
  9.5479822e-01
 -6.6278017e-01
  5.7207209e-01
  3.6097944e-01
  3.0756974e-01
 -3.4337559e-01
  1.1543029e-03
 -2.1167403e-02
 -9.1708195e-01
  5.3865872e-02
 -2.5581163e-03
  6.8570502e-02
  1.6859573e-01
  7.0335084e-01
  6.6015800e-03
 -2.4556278e-03
 -1.3749377e-03
 -1.0557884e+00
  1.4649938e-01
  5.1592988e-01
  8.9339599e-02
  5.2848134e-02
  2.6022497e-04
  4.6240308e-04
 -2.5858080e-03
 -2.2607674e-01
 -1.2662064e+00
  3.1651126e-03
  7.6279329e-04
 -2.0421010e-02
  7.7737449e-04
  4.1806878e-04
 -1.1290829e-03
 -1.2652238e-03
  5.6162067e-03
  1.1317795e-02
  7.9733820e-04
 -7.0918474e-04
  1.4752250e-03
  9.1792870e-04
  2.3129918e-03
 -5.3077203e-04
 -1.8385736e-03
  2.5138764e-02
  4.3325443e-03
 -5.6360505e-04
 -3.4077847e-03
  4.8823509e-02
  1.8063636e-03
 -4.4472660e-03
  9.7575160e-03
  3.0884992e-03
 -1.8485576e-03
  4.3736924e-03
 -1.3733770e-02
  1.6085777e-02
 -4.3652393e-03
  2.1350551e-03
 -3.9963610e-03
  1.2596655e-03
  3.2264879e-04
 -8.7567724e-02
 -1.2619857e-03
 -1.1985939e-03
  2.1807358e-02
  2.8336016e-03
  1.5586565e-03
 -2.7147771e-03
  6.4631767e-04
 -2.0766167e-03
  5.3244312e-03
  2.5386918e-01
  3.1426379e-03
  9.9476688e-03
  2.3249649e-01
 -8.1189611e-04
  1.7275971e-03
 -9.3366718e-04
 -4.1761026e-03
  4.0143849e-03
  3.7791824e-04
 -7.9288275e-04
 -8.6394828e-03
 -9.6807658e-04
 -1.7122738e-03
  6.1313342e-03
  6.0445042e-03
  4.7070821e-04
 -3.6329735e-04
  1.1029189e-02
  9.5622172e-04
 -1.1832189e-03
 -1.0154181e-03
  1.6429782e-03
 -5.9672527e-04
 -1.4559268e-04
  7.5188465e-04
 -3.6810045e-04
 -2.7955431e-03
  1.9756786e-03
 -9.7765010e-03
 -4.6107176e-04
  1.3867344e-04
 -2.4283101e-04
 -4.9676897e-04
 -9.8551414e-04
 -1.2375064e-03
  1.5737767e-03
 -6.3603540e-04
  4.9429787e-03
 -1.5936614e-03
 -2.2696820e-03
  8.0239371e-04
 -4.7002332e-03
  2.3548724e-04
 -1.3815970e-03
  2.2173747e-03
  2.8798720e-03
 -1.3609887e-03
 -6.9265258e-03
 -3.7172209e-03
 -6.4780070e-03
 -8.1792008e-04
  3.2599645e-03
  6.7454623e-04
 -2.2451635e-03
 -1.5310227e-03
 -3.0181189e-03
  7.4046000e-04
  1.0559229e-02
  4.2749909e-03
 -4.0938044e-03
  5.7902420e-05
  1.3054132e-03
  1.9002827e-03
  1.6252055e-04
 -5.2294619e-03
  6.7758518e-03
 -2.7272371e-03
  1.2727709e+00
  9.9183547e-01
 -9.3216074e-01
  1.6136518e-03
  7.0731008e-01
  1.2733194e-01
 -1.4537086e-01
  6.0331696e-01
 -1.2941785e-01
 -3.9677401e-03
 -2.1278328e-01
 -3.1622085e-01
 -4.2938895e-04
 -1.0359043e+00
 -5.0454488e-04
 -5.7413363e-01
  3.0786049e-02
 -1.6689149e+00
 -3.6903355e-01
  7.5472003e-01
  5.2936572e-01
 -1.3373702e+00
  1.0778322e+00
 -2.8764451e-04
  3.3239087e-01
  3.5093713e-03
 -5.2465719e-01
  2.2028397e-01
 -5.4043937e-01
 -6.6637748e-01
  4.6985039e-01
  2.1987963e-01
  4.5210168e-01
  2.0959079e+00
  1.7372203e+00
  8.8084461e-03
  1.1306869e+00
  1.2950073e+00
  1.1004579e+00
 -1.0150678e+00
  4.9776331e-01
  6.2910561e-04
  3.8818532e-01
 -3.9128944e-01
 -1.1280876e-02
  1.5858108e-01
  5.5455551e-03
 -2.8584644e-01
 -2.9047050e+00
 -2.0448589e+00
  2.2223151e-01
 -1.6540264e+00
 -3.2828555e-01
  1.3588617e+00
 -1.3571736e+00
  1.0008729e-03
 -3.3256781e-01
 -2.8342337e-03
  2.2167039e-01
  6.2036288e-01
 -1.5122544e+00
  7.4370176e-01
 -2.1361165e-01
 -2.0629148e+00
  1.4365575e-04
  2.6853281e-04
 -3.4314030e-01
 -3.9429930e-03
 -2.5771496e-01
  1.1579449e+00
  8.6397147e-01
  4.0780050e-01
 -2.1774485e-03
 -1.4030312e-01
  3.7066771e-03
 -1.0092795e-03
  1.0145239e-01
  6.4086858e-03
  4.6592835e-02
  3.1118505e-03
 -5.5951378e-03
  1.5938139e-01
 -5.6533422e-03
 -4.2945277e-03
 -9.8243177e-02
  5.4716632e-02
  1.1850831e-02
  1.4771769e-03
 -3.6480260e-04
 -5.7917684e-02
  1.4469090e-01
 -6.7454320e-04
  5.1733103e-02
  8.1582158e-04
  1.1378030e-01
  1.1165115e-01
 -3.9675325e-01
 -1.6941283e-04
 -2.1003528e-02
  5.8346773e-03
 -2.1525654e-01
 -1.9399000e-04
  3.3413149e-02
  1.6309032e-01
 -1.6485798e-03
 -7.0013769e-02
  2.2636435e-03
 -5.3883529e-01
  2.0530664e-03
 -6.1600946e-04
  1.4517870e-03
  6.8366225e-04
 -1.4081610e-03
 -1.5134400e-03
  9.0126786e-03
  1.3117681e-04
  1.5042155e-04
 -2.6041036e-02
 -1.8433183e-04
 -2.0307319e-03
  4.2138368e-01
 -7.8654701e-01
  1.3328472e-03
  2.5264234e-03
 -1.4562768e+00
 -1.7662522e-04
  2.9558633e-03
  4.2706765e-02
  1.2090638e-03
 -3.3475601e-03
 -2.0915960e-01
  1.6249196e-03
  9.2763378e-04
  3.4425026e-04
  1.6166418e-04
 -7.6216504e-02
 -3.2673944e-03
  4.6821181e-02
  6.2375177e-02
 -8.1291201e-04
 -3.6049470e-02
 -4.6637859e-03
 -6.4707980e-03
 -1.8427947e-01
 -8.3957680e-02
  6.7450623e-03
 -5.8722656e-02
 -1.6428457e-03
  1.3636512e-03
 -3.6751536e-01
  2.5783232e-01
  3.5616679e-03
  5.5492866e-01
  1.0909795e-02
  1.4066805e-01
  1.4176546e-02
 -2.4859276e-01
 -8.4217440e-04
 -2.5642547e-03
 -2.0601565e-01
  4.0635839e-03
 -2.5840405e-01
  3.7443274e-04
  5.1223714e-04
 -9.2641986e-04
  3.4606550e-03
  4.0825135e-03
 -3.0299108e-03
 -1.6591653e-02
 -6.6290065e-03
 -3.8866410e-03
  1.9665541e-01
 -1.4205192e-02
  3.2549822e-03
  7.1636635e-01
 -5.4803938e-01
  6.9926746e-02
 -1.3597856e+00
 -4.9962395e-01
 -4.4729619e-04
 -2.5743894e-02
  1.9870263e-01
 -1.6398737e-01
 -2.2267913e-03
 -9.7481883e-01
 -2.2361920e+00
 -5.4246008e-01
 -4.3452418e-01
 -4.8088488e-01
 -3.2685187e-01
  7.1734732e-01
  4.1530284e-01
  5.1701850e-01
 -4.3580854e-01
 -2.0416552e-01
 -1.4561533e-03
 -1.5135852e-02
 -6.6805965e-01
  2.7245238e-01
 -1.9994404e-03
 -7.5839370e-02
  4.7646887e-03
 -9.9731213e-01
 -9.7013557e-01
  1.2798748e+00
  7.4589819e-02
  1.9187761e-02
  1.7511842e-04
 -4.7443995e-01
 -2.5765182e-04
 -4.2136607e-01
 -4.8251417e-01
 -1.7872564e-01
  4.6334237e-01
 -3.5770124e-01
  1.8926559e-01
 -1.2913536e-02
  1.5899289e-03
  6.3851743e-04
  7.5775356e-04
  2.6326650e-03
  1.7304000e-01
 -1.7388985e-02
  1.0539362e-03
 -2.9288754e-02
 -3.7698730e-05
  3.4168193e-03
  7.0043985e-04
 -3.6532898e-03
 -9.1030117e-04
 -7.9439959e-04
 -8.8893611e-04
  1.1929624e-03
 -1.0762699e-03
  4.5645414e-03
 -2.2277905e-04
  2.0552224e-03
  1.0731951e-03
 -2.5177733e-03
  2.3832296e-03
 -5.0982047e-04
 -1.1369004e-02
  2.3272170e-03
 -1.3900199e-03
 -3.0438718e-03
 -1.3377179e-03
  1.6979282e-03
 -2.6020146e-04
 -9.8956295e-04
 -4.0735258e-03
 -4.0638018e-03
 -9.5584453e-04
  3.4286288e-04
 -3.7646276e-04
 -4.9659880e-03
 -2.0031321e-03
 -2.2878498e-03
 -7.2784844e-04
  5.2532866e-03
  7.1390538e-04
 -4.2412020e-03
 -6.5164604e-05
  1.2630366e-05
 -2.2873620e-03
 -5.2448153e-04
  6.3582975e-04
  3.8296016e-04
 -1.9969174e-03
  3.7419330e-04
 -1.3903255e-03
  1.0786416e-03
 -1.9371294e-03
  7.0366490e-04
 -9.3485136e-04
  1.6168244e-04
  4.0275501e-03
  2.6075174e-03
 -1.0498563e-03
 -2.4494671e-04
  1.1257463e+00
 -8.0993684e-04
  1.3869327e-03
  2.4215220e-03
 -7.3038309e-04
 -1.1941055e-03
 -7.1070963e-01
  5.8838585e-04
  2.1523943e-03
 -2.2308712e-03
  4.8495266e-03
 -8.2647207e-04
  2.2477629e-03
 -4.6248078e-02
 -4.3462813e-03
  1.0034424e-04
  5.4797233e-04
 -2.6448524e-01
 -1.2847214e-04
  2.4304907e-03
 -4.7737192e-03
  3.5370190e-03
 -2.3822442e-03
  1.1695763e-03
  8.2845509e-04
 -4.5477673e-03
  7.3901530e-05
 -2.5415411e-03
  2.1424750e-03
  2.9555423e-04
  9.4017516e-05
  3.2235945e-03
 -1.0835881e-03
  1.1002207e-03
  7.0188078e-04
  3.6156534e-03
  2.5648659e-03
  2.0376910e-03
  1.6158129e-04
 -1.3963323e-02
 -1.5408744e-03
  2.0576581e-04
 -2.4170826e-01
  1.7658907e-03
 -4.5694131e-03
 -2.4715587e-03
 -1.9891034e-03
  3.2806746e-03
 -9.3701724e-03
  1.1344509e-03
  5.2052306e-04
 -3.6322707e-03
 -5.7109217e-03
  5.7329205e-05
  1.7264851e-04
 -1.4877467e-03
 -3.9572176e-03
 -2.2089723e-03
 -5.0337430e-02
 -2.8460270e-03
 -8.5293841e-01
  9.6478150e-04
  3.1998181e-05
 -1.2394354e-03
  7.0376141e-04
 -7.5300230e-04
  1.3019346e-03
 -4.5817669e-02
  5.4057472e-04
 -9.6308943e-03
 -1.0911900e-03
 -2.9766692e-03
 -2.8089990e-03
  1.9242871e-03
 -1.5634049e-03
  1.9328622e-04
 -3.6836967e-02
 -4.6095345e-03
  4.3366847e-04
  1.3325089e-03
 -2.7437467e-02
  6.9835864e-04
 -1.6550968e-03
 -1.0611111e-03
  2.9029539e-02
 -4.2006969e-03
 -1.8509253e-03
  1.3866407e-03
 -2.6930424e-03
 -5.9338065e-04
  4.8694885e-03
  6.2199753e-05
  1.0010242e-03
  3.9490429e-03
 -6.1487616e-03
  2.7777694e-04
 -3.7715223e-04
 -1.1308604e-03
  2.4478216e-04
  9.0706930e-04
  1.0741769e-04
  1.1242870e-03
  1.5384495e-03
  5.1024128e-03
 -1.0815191e-03
 -9.0110663e-04
  1.4780629e-03
 -1.6359669e-03
 -6.1693974e-03
  2.5462098e-03
  5.8364205e-04
  1.8267111e-03
 -1.2017448e-04
 -3.4781876e-03
  1.8882689e-03
 -1.3440381e-03
 -7.3506462e-04
  4.3654996e-03
 -3.0593353e-03
  2.0880192e-03
  2.3146404e-03
  2.2460506e-03
  7.4063404e-04
 -3.7390972e-04
 -2.4888440e-04
  1.1040575e-03
  4.2418635e-04
  4.4530132e-03
  1.5831145e-03
 -7.1987291e-03
  8.9950691e-04
  4.0749898e-03
 -1.1789059e-03
  5.6649414e-03
  1.0314793e-03
  6.1882613e-03
  4.0041208e-03
  2.5086261e-03
  4.1946275e-03
 -3.0274238e-03
  4.8258118e-04
 -1.1994335e-04
  3.6403502e-03
  2.4151653e-03
  3.2588081e-03
 -3.1332619e-04
  3.9177909e-03
  2.1115292e-03
 -3.4715844e-04
 -1.9750139e-03
  9.7573837e-03
  1.3571684e-03
  1.3411345e-02
 -4.5374021e-04
  9.3458937e-03
 -2.7461017e-03
  4.4847981e-04
 -2.6514474e-01
  1.1135876e-03
 -3.6640661e-03
 -2.5915506e-03
  2.3147650e-03
 -1.7322236e+00
  5.5689734e-01
  3.7397397e-01
 -2.8244963e+00
  3.3566105e-01
 -3.9646780e-01
  1.7042201e+00
  8.0577332e-01
  2.3430068e+00
  4.7123907e-03
 -7.0719224e-01
  6.8819755e-01
  8.2052238e-03
  1.1662696e-01
  4.4451112e-01
  1.5001895e+00
  4.2061429e-03
  1.1697052e+00
  4.8593900e-01
 -1.2578440e-01
 -2.4164739e-01
 -1.8207945e-01
  3.7719002e-01
  3.7593859e-01
 -2.0289882e-01
 -5.4017001e-01
 -1.8782548e-04
  8.1614126e-04
  9.1993833e-01
 -6.3610147e-03
 -5.9271832e-03
  5.8632787e-02
  1.3869685e-01
 -9.2338192e-01
 -1.0603236e+00
 -1.3785499e-02
  6.7056487e-03
 -3.6575609e-01
 -2.6821389e-03
 -7.1513876e-03
  1.5249955e-02
 -8.4042177e-03
 -3.3088109e-01
 -3.1552289e-02
 -4.1374335e-01
  7.4249022e-03
  6.9630740e-04
 -1.4226175e-03
 -2.2869876e-03
 -4.3583480e-03
 -9.3868472e-02
 -3.4053871e-01
  1.1608562e-03
 -3.5266525e-01
  7.2145718e-01
  6.8100113e-03
 -1.2762793e-03
  1.3492858e-03
 -4.5608678e-01
 -9.8783428e-05
  3.9607573e-01
  1.1988191e-01
 -4.9036902e-01
 -2.7492498e-03
 -1.9050859e-03
 -2.9156182e-04
 -3.7365137e-03
  4.2659539e-04
  3.6233652e-04
  2.9636844e-04
 -1.4825986e-03
  6.3550432e-04
  1.3220347e-03
  6.5750303e-04
 -1.9788186e-03
 -1.9821050e-02
  1.5975939e-02
  9.4409368e-04
  3.0663164e-04
  1.5325231e-03
 -3.2060568e-03
  7.3771966e-03
 -3.3318400e-03
  6.0407505e-03
  2.6032827e-03
  4.7086182e-04
  5.4648641e-04
 -5.9675019e-02
 -6.4737891e-04
  1.1676543e-03
  6.9597934e-04
 -7.4187492e-04
 -3.7884887e-02
  2.0030655e-03
 -8.1053264e-03
  1.5811060e-03
 -5.2479541e-01
 -5.6040357e-03
  1.6016324e-01
 -3.3269229e-04
  2.6502819e-03
 -2.6226984e-03
 -6.7068863e-04
 -8.6488675e-05
 -2.9059809e-03
  7.5756754e-05
 -1.0621524e-03
 -7.4304023e-04
  8.0651857e-02
 -1.7836043e-03
 -8.7853248e-04
  2.6481280e-01
 -1.3339449e+00
  3.2361946e-01
  1.5831872e+00
 -4.2764589e-02
 -1.4553449e-01
 -2.9996403e-03
 -6.0014743e-03
 -1.7458737e-04
  1.6513600e-03
 -2.3716506e-01
 -6.8667075e-03
 -1.4505599e-03
 -1.3965257e-01
 -6.8033896e-03
 -2.6239606e-03
 -3.0891302e-03
  7.7215099e-04
  1.0710768e-02
 -2.7767709e-01
  9.6556932e-06
  1.3335809e-03
 -1.1083876e-01
  9.2530986e-03
 -8.9378409e-02
  6.3703087e-04
 -3.2146677e-01
  1.5892079e-03
 -8.5037143e-04
 -1.8054526e-02
 -1.0427351e+00
 -1.6948412e-05
 -8.1777805e-01
  8.0456166e-03
  3.7154910e-01
 -1.2487926e-03
 -7.5829118e-02
  3.8278130e-01
 -1.1345294e-03
 -8.3129323e-01
 -5.1778036e-01
 -4.3975338e-01
  4.7607764e-04
 -9.7728951e-04
  1.2606983e-04
  3.7751477e-03
  1.4460796e-04
 -1.4626885e-04
 -7.5000804e-03
 -3.0364248e-03
  3.2717602e-03
 -6.9146970e-04
  1.9584184e-03
 -3.0273511e-03
  1.4267131e-04
 -1.2504848e-04
  2.0704742e-03
 -4.0217354e-03
  1.6509974e-04
  4.2974236e-03
  2.7366814e-03
  1.6812271e-03
  1.4813383e-04
  2.3826985e-03
  6.7864894e-04
  3.4362045e-03
 -4.9090257e-04
 -8.2018279e-04
  5.3643656e-04
  4.3797604e-04
 -2.7161450e-03
  2.1272644e-03
  3.2058482e-03
  4.9338439e-03
 -1.2226229e-03
 -5.1764352e-04
 -3.9301831e-03
  5.6375442e-03
 -1.1997455e-03
  1.1528030e-03
 -1.3845487e-03
  1.2085097e-03
 -1.9870857e-04
  9.4929347e-03
 -1.1187767e-03
 -4.1498239e-03
 -3.4383477e-03
 -3.7920814e-05
 -2.9057788e-03
  2.4355564e-04
  1.8112214e-03
  2.0682625e-03
 -6.8393974e-03
  4.8744364e-04
  3.4479043e-04
  2.1317156e-03
  2.8582553e-03
 -6.6877110e-04
 -6.9927951e-06
 -1.7312070e-04
 -2.5868800e-03
  2.3983263e-03
  1.4098095e-03
  5.0436391e-04
  9.1629056e-04
  2.3975494e-04
 -3.8773616e-04
 -3.4970709e-03
  5.3995801e-04
 -2.8480729e-03
  6.2349434e-03
 -7.3503470e-03
  9.3332486e-04
 -1.4993522e-03
  1.3140495e-03
  7.5849151e-05
 -2.2048873e-03
  1.9780870e-03
  2.2938822e-03
 -6.6056265e-04
 -1.2253388e-03
 -1.9372865e-03
  1.5457363e-03
  2.9884423e-03
  9.7132493e-03
 -5.9229406e-03
  1.0627180e-03
 -2.6255078e-03
 -2.9921220e-03
 -3.1732435e-03
 -4.1995090e-04
  2.3225006e-03
 -7.5083496e-03
 -6.0016464e-04
  6.7499331e-03
  3.1933812e-03
  4.3841368e-03
  1.4136989e-04
  6.3694357e-03
  1.5228414e-03
 -5.5416051e-04
 -4.5810043e-04
  5.4424279e-04
  8.2738738e-04
 -1.2249372e-04
 -1.4138650e-03
  1.1677085e-03
  2.3168245e-04
 -2.6050780e-03
 -7.7736010e-03
 -2.1460243e-03
  6.6890049e-04
  9.2121313e-04
  6.3585304e-04
 -1.5392998e-03
 -6.3232915e-04
 -4.6519793e-04
  5.7786913e-04
 -2.0328150e-03
  5.0878853e-01
 -5.1304796e-03
 -1.0863399e-03
  1.1231136e-03
 -2.6404855e-03
  8.5229235e-04
 -1.4663899e-04
  3.1261051e-03
  2.2509872e-04
  1.4998153e-04
  5.1463321e-03
 -2.6478167e-03
 -2.0945556e-03
 -3.4888415e-04
 -2.3491782e-04
 -1.7710351e-03
 -2.3937270e-03
  9.9039098e-05
  4.6512829e-05
 -8.6052939e-03
  5.4242308e-03
  1.2504498e-02
 -7.4376566e-03
  9.1440789e-03
  9.7597279e-03
 -6.6788513e-03
  8.3832571e-04
 -1.8923357e-04
 -2.3731822e-03
 -1.6174342e-04
 -5.4940366e-04
  2.0657761e-03
 -3.9765374e-03
  7.3849026e-04
 -4.1295467e-03
  1.9781082e-03
  1.1679663e-03
 -2.9616123e-03
 -1.5949910e-03
 -4.5250962e-04
  9.5110893e-04
  7.0326682e-04
 -2.7259113e-03
  1.4256366e-03
 -8.9175935e-04
 -6.2633213e-04
 -3.7337362e-04
 -2.5639576e-03
  2.7906713e-03
 -2.2359288e-03
 -3.9733713e-04
  1.7042652e-03
 -3.1875041e-03
 -4.3540229e-03
 -3.4308570e-04
  5.6391233e-03
  1.6825435e-03
 -1.1750769e-03
  2.3207176e-03
  3.7496607e-03
  2.0196291e-03
 -1.7250390e-03
  1.7704683e-03
  8.9727924e-04
  1.1044213e-03
 -2.5208859e-04
 -9.8580001e-03
  2.0125126e-03
 -1.2160518e-03
  4.3228123e-04
 -7.9851085e-03
  1.8125786e-03
 -9.8993711e-04
  1.7244436e-03
 -1.1241392e-03
  3.2354865e-04
  1.0717459e-03
 -2.4544809e-03
  2.4866196e-05
 -1.6301451e-03
 -4.3515163e-03
 -4.0246714e-03
  3.3733773e-03
 -1.8666351e-03
 -1.0650922e-03
 -3.5025126e-03
 -1.1529450e-03
 -6.9187246e-03
 -2.4381001e-03
  3.3840758e-03
  1.6320480e-03
 -4.3216019e-04
  4.7214620e-04
 -1.0331618e-03
  4.0153333e-04
 -2.6352932e-03
 -9.2749379e-04
  9.2322519e-04
  5.4103239e-03
  7.2249080e-05
  1.2535163e-03
  1.4517977e-03
 -2.2510217e-04
  9.5414097e-04
  2.6496567e-03
  4.1254720e-04
 -3.2972810e-03
  6.5349962e-04
  1.9926956e-01
  3.2739292e-03
  2.4967680e-03
 -1.7794832e-03
  8.0276325e-02
 -3.5441220e-02
 -7.5125876e-03
  6.8388530e-04
 -2.4150908e-03
  7.1103504e-04
  3.5128582e-04
  2.1336668e-03
  4.8565231e-03
  1.0415096e-01
  2.2823643e-03
 -4.3795588e-03
 -3.8721219e-03
  2.2045875e-02
 -1.4264833e-03
  4.4519178e-04
  5.3624273e-04
 -3.5925726e-03
  4.5141167e-04
 -6.3186570e-04
 -6.1763509e-04
  2.6045229e-02
  1.1296537e-02
  3.1282476e-03
 -3.1494696e-03
 -1.6973653e-01
 -2.8762936e-03
  5.9270445e-04
  1.3370936e-02
 -6.3920364e-04
  5.3327004e-03
 -2.7015153e-04
  8.9246617e-04
  9.9531235e-04
 -7.5488043e-04
  1.8307174e-02
 -7.5809048e-03
  2.3900360e-01
  2.5710084e-03
  1.7602926e-03
  5.3761836e-02
  2.9258195e-03
 -3.8048443e-03
 -4.9363979e-04
 -2.2961695e-03
  1.0676741e-03
 -4.9941306e-04
  1.0637351e-03
  3.1097082e-03
  1.0085592e-02
  9.5086824e-04
  2.2645874e-03
 -1.2081860e-03
  1.5813030e-02
  7.3976424e-03
 -1.1326035e-03
  1.2843910e-04
  8.7990396e-04
  3.5664730e-03
 -8.7914645e-04
 -1.7934894e-03
  6.6521820e-03
 -1.6700465e-03
 -4.7756973e-04
 -4.2951308e-04
  1.1599035e-03
  3.5343110e-03
  4.4835053e-04
 -1.7088505e-03
 -4.7580479e-04
  7.6224236e-04
  5.6207674e-03
 -1.9173573e-03
 -1.1282271e-03
  1.2355938e-03
 -2.7383640e-03
  6.1202892e-03
  1.1237415e-03
 -1.6658251e-03
 -2.0227581e-03
 -2.8138747e-03
  2.2620053e-03
  3.4212193e-03
  8.5418945e-04
  9.3466026e-04
  5.8544223e-04
 -1.4422877e-03
 -2.0326036e-03
 -1.6768870e-03
  9.9695008e-04
  3.8753779e-04
 -7.0307351e-04
  4.4902635e-04
  2.7800894e-03
 -2.6848018e-03
 -4.6787681e-03
 -1.4723487e-03
  1.1776177e-04
 -1.5637855e-03
  1.3706161e-03
 -2.2314859e-04
 -7.3487038e-04
 -3.0339172e-03
  1.4446790e-03
  2.0966337e-04
 -6.0142851e-03
 -2.0429693e-04
  4.3728098e-04
 -3.7071579e-03
 -4.8799047e-04
  2.0011907e-04
  6.0651806e-04
 -5.1520669e-01
 -3.4129413e-04
  8.2940533e-05
 -5.3698416e-03
  1.1452512e-03
 -7.1173444e-02
 -3.1200375e-03
  3.0726099e-03
 -1.4375350e-04
  1.9172512e-03
 -6.5243538e-03
 -2.0550122e-03
  2.6752572e-03
  2.1295518e-01
 -8.9197920e-04
  3.2683250e-01
 -1.2758345e-02
  2.1162797e-03
 -2.8744717e-03
 -8.2551118e-04
  1.6193618e-03
 -1.8639719e-03
 -6.3576663e-05
  4.9671540e-03
 -1.0503704e-03
 -8.6307265e-03
 -9.5125375e-04
  3.5618895e-03
  2.1879754e-03
  5.4543465e-03
  1.5745475e-03
 -3.1547633e-04
 -6.5895799e-04
 -1.0086856e-03
 -1.4280833e-01
 -5.6368732e-03
 -2.0642100e-01
  1.5786687e-03
 -8.8670355e-04
  2.4555411e-04
 -9.1878779e-04
 -5.4351072e-04
 -3.5752566e-04
  5.5754714e-04
  1.2630509e-04
  4.0088657e-05
  3.8419658e-04
  3.2832636e-03
  3.7580237e-03
 -8.7856106e-04
  2.8140324e-03
 -1.1097457e-03
  1.3576324e-04
 -5.4780563e-04
  3.4801455e-04
 -1.4487748e-03
  1.8485375e-03
  1.9439012e-03
 -1.2861770e-03
  3.5874650e-03
  2.0351201e-04
 -6.1194896e-04
 -1.1382539e-04
  4.7787445e-04
 -2.0357594e-03
 -7.1302429e-04
 -5.1348340e-03
 -4.0658135e-03
  1.7315862e-03
  4.3433538e-04
 -9.6794305e-04
 -4.9214583e-04
 -4.8742059e-04
 -2.1244544e-03
  1.8146682e-03
 -2.5427353e-03
 -1.8628481e-03
 -6.3414412e-04
 -1.2146745e-04
  2.5769251e-03
  1.0027025e-03
 -2.6680375e-03
  1.7636876e-03
  1.5670558e-03
 -4.6414495e-04
  2.5997243e-03
  4.4343233e-04
 -1.2960377e-03
 -1.0527347e-02
 -6.9164077e-04
 -1.8945738e-03
 -1.7016473e-03
 -2.0382929e-04
  3.0868157e-04
  1.1757296e-03
 -1.2139338e-03
  7.2374771e-04
 -4.1702329e-03
 -3.6138113e-04
 -1.6711280e-03
 -4.1831398e-01
 -1.5007569e-03
 -9.0165886e-05
  9.0737551e-01
 -4.8535191e-02
 -7.9990731e-04
 -7.5249724e-02
 -8.5671747e-01
 -2.5456262e-01
  1.6904632e-03
  9.9820060e-01
 -6.7491960e-03
 -2.7170868e-03
 -5.9304405e-03
 -1.3129400e-02
  2.5770539e-01
  9.5846597e-03
  6.0591835e-01
 -9.4902419e-02
 -8.2695046e-03
  3.7518737e-01
  1.6914262e-01
 -5.5384450e-04
 -3.1452212e-01
  9.0187114e-01
  5.9617169e-02
 -5.5413088e-03
 -1.6705232e-03
  1.5966001e-03
 -3.2353871e-02
  5.0395500e-04
 -3.3127508e-01
 -2.3882213e-01
 -1.6840747e-01
  1.0173582e-02
  3.5092661e-01
 -2.6068739e-03
  2.6320821e-02
  7.0921431e-04
 -2.0697649e-01
 -2.3046154e-01
  1.1454804e-03
 -3.0283618e-01
 -9.7344816e-03
 -2.3475374e-01
  9.1360149e-04
 -7.6363777e-04
 -4.6644681e-03
  3.7659879e-03
  1.5751719e-03
  2.6166802e-02
  7.9005606e-02
 -4.5046895e-03
  5.4154112e-03
  3.5636431e-01
  2.3906311e-01
  1.5969364e-02
  8.8850826e-02
  1.7976001e-02
 -6.0001415e-01
  5.7751656e-01
  7.6387727e-01
  3.5522464e-01
 -6.4016494e-04
 -2.9486865e-02
  1.4862424e-02
  1.9716551e-03
  1.1010469e+00
  1.4708143e+00
 -6.5837628e-01
  6.1701071e-02
 -5.6549072e-01
  2.8977147e-01
  3.1855616e-01
 -2.1437006e-01
 -8.4636497e-01
  1.3597140e+00
  2.4226553e+00
 -3.0618799e-01
  9.6031660e-01
 -2.2583100e-01
  4.0307882e-01
  1.8158261e-01
  6.5863150e-01
 -1.4164045e-01
  9.0993589e-01
  2.2073531e+00
  2.8631691e-02
  1.2538916e+00
  4.6103321e-02
 -7.6920614e-02
  7.5878638e-01
  8.2532661e-03
 -6.2236160e-01
  4.6355012e-01
  1.1600250e+00
 -3.4108517e-01
  6.6017938e-01
 -1.5994529e-01
  1.5602273e-02
 -9.9148885e-05
  2.7884024e-03
 -5.7836100e-03
 -6.1086025e-03
 -3.9200935e-01
  1.0475812e-02
  9.0976454e-02
  1.3583646e-02
  1.5194719e-02
  6.5701065e-04
 -1.9051238e-03
 -9.8023047e-05
  2.0657415e-03
 -6.5739569e-04
 -4.8249890e-04
 -1.2300146e-03
  2.1773756e-03
  6.0942681e-03
 -8.1621297e-03
  1.7382680e-03
 -1.7208774e-02
 -1.2296422e-03
 -1.9822281e-04
 -1.7781360e-03
  1.4549013e-03
  3.3553762e-03
  1.0356110e-02
 -2.2790465e-04
  1.0552921e-03
  3.2750377e-05
 -1.4004434e-03
  3.5336486e-03
 -1.1131734e-03
  4.5654457e-03
 -1.8506468e-04
  1.1893404e-03
  8.2326931e-04
  1.7547754e-03
 -5.8867950e-03
 -2.5950286e-03
 -4.3087098e-01
  1.5230095e-03
  7.2540402e-05
 -1.9844642e-03
 -5.0520786e-04
  2.0134998e-05
  8.4017185e-05
  1.8625171e-03
  1.0311594e-03
  5.1910913e-05
  2.4518415e-03
  3.0341985e-02
 -2.6391142e-03
 -1.8197412e-03
  2.4350798e-05
 -3.6594789e-03
 -8.6141946e-03
  6.0644885e-05
  7.3091104e-04
  4.4226809e-03
  1.2607151e-03
  2.3300883e-03
 -2.0968562e-01
 -4.3037635e-01
 -1.4608637e-03
 -8.8749109e-03
  1.1514023e-02
 -2.1397505e-02
  3.3630016e-01
  3.5710782e-01
 -4.1215983e-03
  7.9698616e-04
 -2.6072534e-03
 -7.1624137e-04
  8.9422060e-04
  1.8222073e-01
  1.2112641e-02
 -2.9167954e-03
 -6.7926012e-05
 -2.3229707e-03
  2.3225539e-03
  3.2537023e-03
 -4.0816921e-03
 -2.4713391e-02
  1.9563766e-01
  5.3184032e-03
 -8.7574088e-05
  2.2361353e-04
 -6.2478455e-03
  6.3274549e-03
  4.1630445e-03
 -1.5359155e-04
  8.1890747e-03
  7.5522617e-02
  9.3460336e-02
 -7.0053651e-03
 -6.2548486e-04
 -7.7518646e-04
  3.2592660e-03
 -6.8596317e-03
  5.6680990e-04
  5.7201185e-03
  4.4367990e-01
 -7.0447067e-04
 -6.2113989e-02
 -1.4578429e-03
 -1.2237850e-01
 -1.3266745e-04
  1.4587922e-03
 -7.2500337e-04
 -7.9808654e-03
  5.4361671e-03
 -6.1329338e-05
  1.9996311e-03
  1.0356028e-03
  8.0939373e-03
  7.1571507e-03
 -3.2469071e-03
 -3.5055054e-03
  1.5459441e-03
 -1.0870438e-03
  5.1205843e-03
 -2.9771409e-03
 -1.9041001e-03
  3.0381570e-03
 -8.3748385e-04
  1.2337617e-03
 -3.0805848e-03
  7.8878127e-04
  3.9222273e-03
 -3.7605977e-03
  8.4874635e-05
  2.4539444e-03
 -5.1476052e-03
  1.0010101e-03
 -1.5274671e-04
 -1.5687819e-03
  4.9019628e-04
  2.0309584e-03
  4.5983290e-04
 -8.4408115e-05
 -1.1190207e-04
  1.0182874e-03
  3.7821843e-05
 -2.1266319e-04
 -1.0327421e-03
  1.7534693e-03
  3.5009992e-03
 -8.0851158e-03
 -4.1261693e-03
 -4.7651835e-04
 -2.7755802e-03
 -3.5915448e-04
  5.6971214e-04
 -1.3375319e-04
 -1.2444016e-03
 -1.0869703e-03
 -7.2015525e-04
 -7.8777788e-04
  1.7687842e-03
  7.3949469e-04
  7.3608819e-05
  2.6469543e-03
 -2.0344015e-03
  1.4101716e-03
  2.9452256e-04
 -3.2535275e-03
 -2.3183429e-03
  5.3421373e-04
 -1.4524834e-03
  1.9333431e-03
  1.6369113e-03
 -8.4499009e-03
  3.1839688e-03
  5.8831216e-04
  1.4979714e-03
  5.4120882e-03
  2.8622738e-04
  3.7798352e-04
  9.9555554e-04
  4.0975711e-03
 -1.3243199e-03
 -3.1972464e-04
  1.3011224e-03
 -1.3616615e-03
 -3.3633878e-05
  3.4679684e-03
 -8.6141971e-04
  1.3704046e-03
 -1.4064511e-03
  5.7825120e-03
  1.9151862e-03
 -1.7728284e-03
 -2.6990881e-03
  1.0659617e-03
  2.3149895e-04
  2.9086140e-03
  4.6900092e-03
 -1.2012613e-03
 -5.3869965e-03
 -8.7287923e-04
 -2.0847761e-04
 -5.6577935e-03
  1.4857864e-03
  1.2738920e-03
 -2.9973371e-04
  4.5036757e-04
 -1.4332567e-04
  3.3840208e-04
 -5.5097635e-03
  1.0008680e-03
 -1.2443468e-03
 -1.5231028e-03
  8.3737378e-04
 -1.7831533e-03
  1.8016236e-03
 -2.9146788e-03
 -6.9429463e-04
 -4.9800980e-03
  5.8189528e-03
  2.6715007e-03
  9.6105970e-03
  3.3067514e-03
  7.4945865e-03
 -8.7405217e-04
 -1.8016192e-04
  7.2098994e-03
  2.4878243e-03
 -5.9667782e-05
 -6.1819949e-03
  1.3035046e-01
 -9.9353760e-04
 -2.5920435e-03
  6.2825279e-03
  1.8628645e-03
 -1.3944042e-04
  1.0810310e-03
  1.3675346e-03
  3.4402846e-03
 -2.0520829e-03
  3.3226932e-04
 -8.0503505e-03
  3.8965836e-03
  2.2808625e-03
  2.8652311e-03
  4.0627713e-04
  2.2720381e-04
 -7.4978045e-04
  2.0042944e-03
  5.4372912e-03
  1.6083024e-02
  3.7648869e-03
 -1.9141409e-04
  3.8209751e-03
 -3.1629883e-04
 -2.2090133e-03
  3.2042179e-04
  1.4352822e-03
  6.3202140e-04
 -1.2428634e-03
 -2.7444530e-03
  4.6888980e-04
  2.1640018e-03
  1.2237928e-03
 -2.2062396e-04
  1.8620453e-04
  1.7458274e-03
  1.4940668e-03
  8.2592005e-03
  1.0478902e-03
  1.7366468e-05
 -5.2652392e-03
 -8.2915346e-04
  1.5562787e-03
 -4.4889766e-04
  2.0485823e-03
  5.9322272e-03
 -3.3320014e-03
 -6.4599649e-03
  2.3331381e-03
  1.9281892e-03
  2.5494737e-04
  2.3568436e-03
  5.3270336e-04
 -1.2144465e-02
 -1.0866531e-03
 -8.1012852e-04
  1.3040443e-03
  1.2804131e-04
  1.3725278e-04
  1.2234219e-04
 -2.5203740e-03
 -2.0586685e-03
 -6.2794373e-03
  2.1374330e-03
  2.6310422e-03
 -4.1967393e-03
 -1.5273443e-03
 -7.6880348e-03
 -1.5029800e-03
 -5.2805087e-03
 -9.9603669e-05
 -8.6352869e-04
  2.1435833e-03
  3.5008520e-04
  9.0694753e-03
  8.1740129e-01
  1.4076153e-03
 -1.3900496e-03
  4.3738559e-03
 -2.6732460e-03
  1.6711827e-04
  7.7033062e-03
 -2.4782738e-04
  1.8043866e-03
  1.4651653e-05
 -2.4409751e-04
 -4.3098585e-04
  1.1711717e-03
 -1.4476140e-04
 -3.7960743e-04
 -1.3935484e-03
 -5.1013031e-03
 -4.6910360e-04
 -1.6169997e-03
 -8.5117016e-04
 -5.0729145e-03
  4.8428198e-04
  1.7162616e-03
 -2.2845196e-03
 -6.8730197e-04
 -2.9809546e-04
 -8.8741310e-04
  8.3510432e-04
 -3.8872400e-04
  1.1747964e-02
 -1.3341668e-01
  2.4292644e-02
 -1.2552926e-03
 -6.2892251e-03
 -9.8660057e-05
  1.1198919e-03
 -4.8571036e-04
 -1.7514043e-02
 -2.3343812e-03
 -2.5269037e-01
 -6.6109411e-02
  1.5073151e-02
 -1.4422985e-03
  4.5318604e-03
 -2.7500706e-02
 -3.5790589e-03
  5.1485658e-02
  1.4452003e-02
 -2.4739711e-01
  6.1567291e-04
  7.0758470e-05
 -7.7436870e-04
 -2.0131200e-04
 -2.4445701e-02
 -1.3893092e-03
 -1.6122831e-02
 -1.7900586e-03
 -1.8407291e-02
 -1.9372804e-01
 -3.4520589e-03
 -4.2043780e-03
  1.1372460e-02
 -1.1108225e-04
 -2.4601028e-03
  2.9398475e-04
 -8.4302820e-02
 -3.8183928e-03
 -7.1332236e-03
  8.4349722e-02
  3.4530231e-01
 -7.2028157e-03
 -3.2458757e-03
 -7.9789934e-05
  2.9709230e-03
  5.3057657e-03
  1.9194580e-03
 -5.9616927e-04
  7.5587560e-04
  4.1339346e-03
 -2.3854960e-02
 -7.0729189e-02
 -6.0238515e-05
 -4.4766795e-03
 -3.1466683e-05
  2.0050408e-02
  1.8430201e-05
  2.2829433e-01
  9.8309916e-05
  4.2534466e-03
 -5.6139132e-05
 -9.6740376e-04
 -4.2621072e-04
 -7.4715453e-04
  3.4064397e-03
  2.8492503e-03
 -2.2821908e-03
 -4.1166525e-03
 -1.4916925e-03
 -2.8653392e-03
 -5.3378372e-03
 -5.4430880e-04
  2.3707694e-03
  4.2415317e-02
 -7.5864494e-03
 -1.2783079e-04
  5.6589360e-04
 -2.7056248e-03
  1.2690171e-04
  2.1425814e-03
 -2.2329355e-03
  2.1909729e-03
 -3.0761715e-03
 -4.5968518e-05
 -3.5562506e-03
  7.1692304e-04
  4.4617834e-04
  1.0286581e-03
 -3.7716349e-04
  1.8724145e-03
  5.9978548e-04
  1.4430933e-03
 -5.8099959e-04
 -1.6119286e-01
 -4.6002017e-03
 -1.7477460e-03
  1.1649666e-03
  6.4299363e-03
  2.5083341e-03
 -1.3041924e-02
  2.5750682e-04
  9.0459769e-04
  3.3939604e-03
  1.4681502e-03
  5.2673048e-03
  1.3104315e-03
  2.4471429e-04
 -2.0690688e-03
 -9.4904071e-03
 -2.0449394e-03
 -3.3725044e-04
  1.4092058e-03
  1.8807534e-03
  1.5291504e-03
 -6.2096963e-04
  1.6056589e-03
  2.4187688e-03
  4.9468041e-03
  3.9608618e-03
  9.0883272e-03
 -2.8361445e-03
  8.5070764e-04
 -6.0072234e-03
  8.2184398e-04
  7.8789972e-06
 -7.8643337e-03
  2.2058627e-03
 -1.0077618e-03
  6.4872699e-03
  4.1159845e-05
  1.0712428e-03
 -2.1570292e-03
 -6.9862750e-04
 -3.4736076e-04
 -4.2820483e-04
 -5.7373912e-04
 -8.2803745e-05
  1.7654266e-04
  5.6368746e-03
  1.2759457e-03
 -3.1396120e-03
 -1.5884707e-03
 -1.8501017e-03
  5.3538843e-03
  4.5845090e-04
 -9.5198338e-04
  4.1703102e-03
 -5.7589757e-05
  3.3629590e-03
 -2.5052379e-03
 -8.0327131e-03
 -1.8729857e-03
 -1.3896448e-03
 -1.1841604e-03
  3.8770845e-03
 -4.6302396e-04
  1.8476311e-03
  8.0656691e-04
  9.9816043e-06
  8.7495241e-03
  5.3137094e-03
 -8.1974280e-04
 -7.0194068e-04
 -5.9451768e-04
  7.0709741e-04
  7.9678334e-03
  3.8609946e-01
 -7.4882607e-04
 -1.5574739e-04
  2.7079298e-04
 -4.0179743e-03
  6.0121657e-04
  2.1928145e-02
 -3.2073639e-03
 -2.7756626e-03
  4.9040285e-03
  1.2136607e-03
 -1.3794547e-03
  3.2534574e-03
 -3.5002162e-03
 -9.0994872e-03
  7.1906252e-04
 -3.3679281e-03
 -2.7644697e-03
  2.5657301e-03
 -8.5691205e-04
  2.7857313e-03
 -2.4104551e-03
  8.4866007e-04
  2.4218739e-04
  1.3063648e-03
  6.8585394e-04
 -3.9144168e-03
  1.9207175e-03
  1.4105426e-03
  8.9573301e-04
 -7.4257943e-05
  9.6187717e-04
  7.7010831e-05
  1.0157505e-03
  8.6604739e-03
  3.3320405e-03
  8.6952548e-04
  2.5967222e-03
 -1.1017546e-03
 -5.4834911e-04
  1.8679670e-03
 -1.1842645e-03
 -1.5635164e-03
  1.1145698e-03
  7.8976024e-03
  2.1074195e-03
  5.1245717e-03
 -2.7259219e-01
 -3.0747085e-04
  5.7271882e-03
  3.3493958e-05
  1.6292411e-01
  5.3047395e-01
 -3.5334557e-01
  3.6604614e-03
 -8.9952581e-02
 -4.7910451e-03
  7.6661463e-04
 -4.3220189e-03
  1.0770547e-03
 -1.1181225e-01
 -9.0495767e-03
 -3.8836836e-03
 -5.8535796e-01
 -1.5650790e-03
  2.8210392e-03
 -2.9981276e-03
  1.2372726e-02
  3.0796824e-03
 -2.9601532e-01
  8.4920472e-04
 -6.1929990e-03
  1.9196878e-01
 -2.7242410e-01
 -3.4753495e-01
 -3.2690570e-01
 -6.0997892e-02
  1.2513000e-03
 -2.4331525e-02
 -7.8996316e-02
  1.1148948e-01
  4.3333010e-03
  5.2797236e-02
  1.4322303e-01
 -4.0121987e-03
 -2.1597696e-03
 -3.7249640e-02
  7.9772493e-04
  6.9209962e-04
  2.5218242e-01
 -1.9247249e-03
  2.9048139e-01
 -3.6966605e-03
  1.0131566e-03
 -2.6418585e-03
  5.8202990e-03
  2.3236871e-03
  3.0432597e-03
 -8.9073576e-02
  3.9106319e-03
 -8.8513270e-03
 -1.4830583e+00
 -3.1835363e-05
 -2.3320711e-03
 -6.0087926e-04
 -1.1189087e-01
  6.1166002e-03
  7.2183210e-01
 -3.9762620e-02
  3.0171851e-02
  1.1783282e-03
  1.8243020e-03
  2.1266351e-03
  1.8552510e-03
 -1.7908750e-01
 -6.0852745e-04
  1.8246863e-03
 -1.7315958e-02
 -2.3535099e-03
 -5.9474502e-03
  4.7719036e-06
  3.4868042e-04
  1.1897010e-02
 -1.0840609e-02
  1.5217458e-03
  3.4876505e-04
 -2.5910959e-01
 -8.4981573e-04
  8.5078861e-04
  2.8609473e-04
 -3.7388921e-02
 -2.3202997e-04
  4.9988739e-04
 -2.1441393e-02
 -1.1543507e-03
  3.3465528e-03
  5.4732473e-03
  1.1351939e-01
 -2.4658229e-02
 -3.7557125e-04
 -2.9094892e-03
  4.7029639e-03
 -5.7076574e-03
  1.2987007e-01
 -6.0336231e-03
 -5.1515377e-01
 -1.3569955e-03
 -1.6815306e-03
  1.1519538e-03
  8.1212999e-04
  2.2903798e-04
  9.5666450e-04
 -3.8703117e-03
  4.2757033e-03
 -4.8408741e-03
 -1.3489759e+00
 -5.6539543e-02
  1.7135756e-02
  9.0982742e-04
  5.7515144e-01
  1.2123888e+00
 -9.2091889e-04
 -5.1594532e-01
 -1.6120654e-01
 -1.5808235e+00
 -4.9918659e-02
 -3.7051305e-01
 -3.9846879e-01
 -1.0919777e-03
  8.3813280e-01
  1.4025471e-03
 -1.2564610e-03
 -1.1166538e-03
  6.7946398e-01
  6.7062896e-01
  1.8991869e-03
 -4.6425644e-02
 -3.5813253e-03
  2.0940707e-03
  4.3157592e-01
 -1.7593873e+00
 -7.7350575e-01
  2.5181365e-03
 -8.5064257e-04
 -5.0708932e-01
  1.1022381e+00
 -1.5211359e+00
  8.7403488e-01
 -9.3378335e-01
 -2.0134492e+00
 -7.3800597e-04
 -4.5816585e-01
 -1.0986236e+00
  1.7446823e-01
  2.8325751e+00
  4.6256697e-01
 -1.1472962e+00
  3.2233933e-01
 -1.0364656e-01
 -5.6878674e-01
  7.2373264e-04
  1.0098972e+00
  1.7122679e-03
 -1.1138617e-01
  1.9523936e-04
 -2.1754127e+00
  2.5623608e+00
  1.4511260e-01
  8.2136196e-01
 -1.1053761e-01
  4.9091103e-03
  2.9063478e-01
 -6.4089257e-01
 -1.8286262e+00
  1.0248952e-01
  1.0228446e-01
  5.9618163e-01
 -1.9794743e+00
 -8.8060451e-01
  1.4255097e-04
 -1.4926784e-04
  1.4812088e-03
  2.0344991e-03
  1.4055021e-03
 -2.1988532e-04
 -3.8249656e-03
  6.3376210e-04
  5.4795388e-04
  2.0084684e-04
  1.4625575e-03
  1.4972258e-03
  1.4688924e-04
 -7.4553645e-05
  1.9185391e-03
 -5.4791599e-04
 -1.7343095e-03
 -4.6719279e-04
 -1.2752066e-03
 -9.4166164e-05
 -2.0524702e-04
  1.1442199e-03
  5.1727104e-05
  2.1360775e-04
 -4.5747418e-04
 -3.7714801e-04
 -2.4816329e-03
 -4.0418897e-03
 -5.0809565e-03
 -9.0131839e-04
 -5.8313896e-04
  2.0391757e-03
 -1.2999697e-03
 -9.7158842e-04
  1.0396872e-03
 -3.4502303e-04
  5.7612103e-04
  1.4335522e-03
  2.1129514e-03
 -9.2411193e-04
 -8.5471853e-05
  2.5936570e-03
  5.2432930e-03
 -1.3937361e-03
 -1.2730848e-03
  2.4677196e-04
 -7.4496162e-03
  4.0636843e-04
  1.2578665e-03
 -6.4199511e-03
 -4.0071793e-03
 -2.2715756e-04
  1.7277114e-03
  4.9724989e-04
  4.3673448e-05
 -1.0887287e-03
 -5.8769393e-03
 -1.9589888e-03
  2.3693123e-03
 -1.1311382e-03
  3.7017369e-03
 -1.9636143e-03
  5.6957719e-03
  1.3194591e-03
 -6.7081708e-03
 -1.8572323e-03
 -3.2915082e-04
  2.8542755e-03
  1.9873113e-03
  1.3333187e-03
  1.2470252e-03
 -1.1608315e-04
  2.8169816e-03
 -2.3141647e-04
  9.9544348e-03
  4.4533694e-03
  1.2799487e-03
  6.3476450e-04
  1.4333433e-04
 -6.3828812e-03
 -2.5533822e-03
  5.5206330e-03
 -4.4715757e-04
  2.8829998e-03
 -6.6472410e-04
  2.5082021e-03
  1.7200522e-04
  3.4270404e-04
  6.5421592e-04
  5.9789931e-03
 -3.8420016e-04
  3.0326692e-03
  6.0765678e-04
 -1.4187263e-03
 -1.1798933e-03
 -2.1385487e-04
 -1.2457154e-04
  4.2078453e-03
  5.9847115e-04
 -3.1594190e-04
 -7.0032984e-04
  4.7907338e-04
 -5.0534713e-03
  2.3596745e-03
  5.2554002e-03
  1.5880142e-03
 -2.1469742e-03
 -1.6992557e-03
 -1.6246402e-03
 -7.7509144e-03
  2.8536711e-03
  3.3466152e-03
  2.5279238e-04
 -4.9811318e-03
  1.7174733e-03
  3.6118091e-03
 -6.9235323e-04
  3.4087831e-03
 -7.9514012e-03
  2.3490258e-03
 -5.0067538e-03
  1.2809356e-03
  1.4149735e-03
  2.2823184e-03
 -1.0757967e-03
 -2.0077291e-04
  3.3237430e-04
  1.8407289e-03
  6.1522186e-04
 -2.2233490e-04
 -8.7649788e-04
 -1.5564027e-03
 -8.7131193e-04
 -4.8192305e-04
  1.3281858e-03
 -4.1218381e-03
  2.6383109e-03
 -8.3249959e-04
 -6.4504851e-04
 -1.8911265e-03
  4.0719816e-03
  8.1837247e-04
  3.9457882e-04
 -2.1297033e-03
 -5.8086065e-04
 -2.5181002e-03
 -2.4401568e-04
 -1.0575054e-03
  2.7067049e-03
  4.7596876e-04
 -1.7899374e-04
 -3.9252192e-03
  1.9059882e-03
 -1.3664089e-03
 -4.8828340e-04
 -9.7934157e-03
  9.1869046e-04
  4.9298173e-03
  2.1407525e-03
 -3.4777785e-03
 -1.3538563e-03
  7.9602824e-04
 -2.7668998e-03
 -6.4235901e-05
  4.1416492e-03
  7.0651318e-04
  3.4231662e-03
 -5.1210523e-03
  1.9749340e-03
 -4.9268842e-01
 -2.2169496e-01
 -1.5568763e-03
 -1.7146986e-03
 -2.5622167e-03
 -1.8869890e-03
 -4.3586388e-04
  2.6949949e-03
  1.9847243e-05
 -1.1472505e-03
 -2.9759128e-03
  3.0910484e-03
 -4.7049302e-04
 -3.5282033e-03
  1.0007931e-03
  7.6306774e-04
  7.2215631e-04
  4.8182718e-03
 -4.9016299e-03
  2.3930834e-04
 -4.3194578e-04
  2.5486685e-03
 -1.9675265e-03
  3.8320856e-04
  2.6666763e-04
  3.3987348e-03
  6.5554887e-02
  3.3641019e-04
  8.4833737e-04
  1.8461610e-03
 -1.3663979e-03
 -3.8652902e-03
  5.0585630e-04
  5.5416590e-03
  7.8742480e-04
 -4.1811404e-04
  1.3721826e-03
 -1.6174748e-03
  1.0970817e-03
 -3.0780639e-04
  1.1694559e-02
 -3.9965580e-03
 -2.9452439e-04
  5.0216157e-04
 -1.4308157e-03
 -9.1600967e-05
 -1.7826941e-03
  1.1449609e+00
 -2.4110074e-03
 -1.8485481e-01
  4.5873240e-01
 -2.0731406e-04
  1.4000075e-01
  1.2051632e-01
 -2.2781742e+00
  9.4767362e-01
 -9.8242275e-03
  8.8868999e-01
 -4.6741277e-02
  8.5666906e-03
  4.1953423e-03
  7.4690455e-01
  1.2624253e-02
  2.6411978e-03
 -2.4594547e-02
  7.8236663e-01
  1.1348977e+00
 -4.1227192e-01
  2.5450349e-01
  4.9287459e-01
  2.7224460e-01
 -2.3452921e-01
 -9.9067446e-03
  3.7074560e-01
 -5.1592326e-01
  8.6668497e-01
 -2.1666682e-01
  9.3407458e-01
  3.9748016e-01
  7.7071393e-01
  9.3710393e-04
 -1.5066411e-01
 -1.6500084e-03
  2.1055672e+00
  1.3858363e-01
 -2.3319244e+00
  1.0334494e+00
  6.4970422e-01
  2.2080835e-02
  1.7856352e-03
  2.8696895e-01
  6.1525445e-02
  1.5811686e-01
  6.6385657e-01
 -2.4643753e-04
  6.3614664e-04
  3.5060246e-03
 -1.7382996e-02
 -9.6232845e-03
  1.4870002e-02
  2.4415936e-02
  2.7177660e+00
 -4.8598000e-03
  1.4906631e-01
  3.0928846e-03
 -1.0647492e+00
  3.0127248e-01
  1.3368951e+00
 -6.6889882e-01
  7.4577552e-01
 -7.0034271e-01
 -2.1830816e-02
 -3.4249517e-01
 -2.1058365e-03
 -2.2833673e-03
 -2.3381482e-03
 -2.3898275e-03
  1.1858098e-01
 -8.7403305e-02
 -3.4778253e-03
 -1.8429046e+00
 -2.9573241e-01
  2.1096375e-03
 -1.7026586e-03
  1.0200214e-03
  3.0987184e+00
  1.5761439e-03
  4.5533049e-01
 -7.2992259e-01
  1.5554068e-04
 -1.5908891e-01
 -2.1733978e-04
  2.2755177e-03
  3.6152232e-01
  1.8185297e-01
 -8.9994028e-02
 -2.5393444e-03
 -4.4670864e-03
  2.3246812e-02
  1.4828091e+00
 -7.0124942e-01
  4.7978336e-01
 -4.4084772e-01
  4.6259176e-02
 -1.2369351e+00
 -8.3575118e-04
  7.3988090e-04
  3.4234470e-03
  8.8060282e-02
  2.8251635e-03
  1.1872080e-03
 -6.9025801e-03
 -1.6468312e-03
  3.0890810e-03
  3.2838476e-01
  1.5653134e-03
 -8.4526854e-04
  1.5389541e-03
 -1.3055966e-03
  4.1366494e-03
  3.6492553e-03
 -7.0494867e-04
  1.8858371e-03
  1.9906703e-03
 -3.5365499e-04
 -4.3514572e-04
 -2.2591795e-03
 -3.2509346e-03
 -3.4578806e-03
 -3.7635877e-04
 -3.1063688e-04
  8.9500868e-04
  1.5439990e-04
  1.1977643e-02
  1.0343314e-04
 -4.2055789e-04
  3.4263183e-04
 -3.5850147e-03
  5.2549075e-03
  1.4330180e-04
  2.9077346e-03
  4.8506893e-03
  2.1650766e-03
  1.1035954e-03
 -1.6204558e-03
 -1.2054754e-03
 -1.0689724e-03
 -1.5818288e-03
 -2.1838506e-03
 -5.8754807e-04
  2.9199047e-03
 -1.9164698e-03
 -1.3261849e-04
 -1.0953341e-03
 -2.5363185e-03
  3.9855614e-03
 -1.2753602e-03
  2.5656740e-03
  2.4370893e-04
  6.8349746e-04
  5.1793726e-05
  5.5387127e-04
 -1.9465318e-03
 -2.2053290e-03
 -2.8406775e-03
  8.8840636e-04
 -1.2548744e-03
 -9.0347149e-04
 -1.0550857e-03
 -2.9462550e+00
 -7.3910314e-01
 -1.2851796e+00
 -4.9804798e-01
  5.5061235e+00
 -2.3052197e+00
 -3.1515348e-01
  1.1992984e+00
 -2.9227879e+00
  4.0673299e+00
  2.2326598e+00
 -7.6533204e-01
 -1.7862161e+00
 -1.2350739e+00
  4.6615285e-01
 -1.5551553e+00
 -1.4350152e+00
  1.6882918e+00
  1.4780475e+00
  1.0096635e+00
 -1.3487909e+00
  9.5031764e-03
 -6.4658993e-01
  5.5908805e-01
 -8.0896354e-01
  2.8315189e-01
  2.4328945e+00
  2.1806878e-01
  1.8708590e+00
 -2.9296890e-01
 -1.5342399e+00
 -1.0477675e+00
  9.9046099e-01
 -3.2409552e-01
  1.8975184e+00
  2.2955236e+00
  4.8245143e-02
  9.2686874e-01
  4.0845270e-03
 -1.3719030e-01
 -3.2532719e-01
 -2.8775650e-01
 -1.4473368e-01
  1.0153506e+00
  1.5447046e+00
 -5.6229006e-03
  1.7747685e-01
  3.0512169e-01
  1.2810932e-03
 -3.3333892e-04
  6.0382605e-01
  5.7752249e-03
 -1.5845774e-01
  9.6455544e-01
  1.9383671e-03
 -7.8273425e-04
 -9.1920113e-03
 -9.3171297e-04
  4.7246860e-03
 -6.8373322e-03
 -1.9675805e-03
  1.4637686e-04
  3.8624948e-03
 -2.0671438e-03
  3.3056873e-03
 -9.2223017e-05
  6.2584509e-03
 -2.0118727e-01
  4.9260474e-04
  6.6584595e-03
 -9.0141967e-04
  2.6775958e-04
  4.4103963e-03
  1.6358757e-03
  2.7612012e-04
  1.4138686e-03
  1.0254619e-03
 -5.8429601e-04
 -4.5215209e-05
  1.0406924e+00
  6.8071071e-04
 -1.1723284e-03
 -1.4485624e-03
  4.2752642e-03
  5.5805838e-04
  1.6405071e-03
  1.1206620e-04
  2.2584912e-03
 -2.4431411e-03
 -1.4294405e-03
 -3.0212395e-04
  1.3479042e-03
  7.3397282e-04
 -3.8908617e-04
  3.4284752e-05
 -1.7556801e-03
 -6.3197839e-04
 -6.8464582e-03
  1.1660631e-03
  5.5320044e-03
  3.8940227e-01
 -1.5026738e-05
 -7.4853085e-04
  2.6890173e-04
 -1.3223535e-01
 -2.0418288e-03
 -1.0390641e-03
 -4.9712230e-04
  6.6732441e-04
 -1.1012260e-03
 -1.7592286e-03
 -7.9964841e-04
 -2.5270879e-04
  8.4867870e-04
 -6.1527219e-02
 -1.0909223e-03
  4.0550791e-03
 -8.7413937e-04
  7.7066635e-04
  1.7588966e-03
  2.2755594e-03
  5.2527128e-05
  1.7305573e-03
  1.4695423e-03
 -6.9279427e-04
 -6.9319189e-04
  1.7620971e-04
  2.6372472e-05
 -5.2133661e-02
 -2.1643098e-04
 -8.0420240e-04
 -7.5149783e-03
  7.0394487e-03
  7.3629571e-04
  1.0526343e-03
 -4.3413104e-04
 -4.1115237e-04
  6.8752444e-04
  6.6176988e-04
 -7.1541307e-04
  7.7983161e-04
  1.7055039e-03
  2.5234551e-03
 -7.3347683e-04
 -1.2234250e-03
 -3.0917297e-03
  1.1664731e-04
 -1.3974792e-03
 -1.2816811e-03
  3.0191413e-03
 -4.9547802e-05
  5.0803917e-03
  3.5809504e-04
  7.9981907e-04
 -2.3462935e-03
  1.1328787e-03
 -6.5593789e-03
 -8.4222894e-04
  3.5181027e-03
 -1.0578431e-02
  2.1478354e-03
 -1.0225561e-03
  3.7054813e+00
 -5.0467813e-01
  2.5645092e+00
 -4.5796745e-02
 -3.5124207e+00
  4.3707004e+00
  1.2478263e+00
 -1.0921343e-03
  3.1435866e+00
 -9.2823464e-01
  1.6843640e+00
 -1.8543715e+00
  1.6925827e-01
 -4.6067045e-05
  2.3536597e-01
 -2.3759465e-01
 -9.4053668e-01
 -5.6255944e-03
 -3.9942440e-04
  1.0169269e+00
  3.4066316e-01
 -1.2088292e-01
  3.8677633e-01
 -2.9209930e-01
 -1.0804499e-02
 -1.2232788e+00
  2.6080534e-03
  1.0287693e+00
  2.6736040e-02
 -3.4088057e-01
 -8.4028067e-03
  8.0824771e-04
 -1.6868216e-01
 -8.0004346e-04
 -6.5315757e-03
  3.8984574e-03
  2.2539966e-02
  6.7279685e-01
  9.2293704e-01
 -1.0209102e-01
  5.1349748e-02
 -8.2211310e-01
  1.0894654e-02
 -7.6669669e-01
  2.8492844e-02
  2.2494370e-02
  6.7405179e-03
 -2.0007114e-03
  3.0054066e-03
  2.2626943e-03
 -7.1283337e-03
 -4.6797693e-03
  3.4058644e-04
 -1.7218530e-03
  1.5046304e-01
 -1.2283731e-03
  3.7279901e-01
  1.0809058e+00
  2.6548393e+00
 -2.0676692e+00
  5.5474585e-01
 -2.2669299e+00
 -2.0557417e-01
  4.9700251e-01
 -1.1321346e-01
  2.1657124e+00
 -2.3041512e-03
  2.2536847e-03
 -8.5626272e-03
  2.3412008e+00
  9.9381673e-01
  3.4935048e-01
 -4.4832307e-01
 -9.6528691e-01
 -7.9362786e-01
 -1.1354277e-02
 -6.5331738e-03
 -9.3530659e-03
  6.2605739e-01
 -3.2971901e-01
  4.1407689e-01
 -1.2416940e+00
 -1.4359497e-01
 -4.3331966e-01
 -7.4667558e-02
  9.1876775e-02
 -1.4318908e-03
  3.8255882e-01
  4.0059821e-03
  2.9098138e-03
 -5.8626115e-01
 -8.5567057e-02
  2.5038177e-01
  2.0791340e-01
  5.9678283e-02
  2.9889774e-01
  2.9142201e-01
  3.1346793e-03
  1.1046101e-01
 -1.0051719e-03
 -4.3688318e-01
  3.7493443e-04
  8.6118584e-04
  2.6777324e-03
 -6.2227643e-01
  3.2668503e-03
  6.8511311e-03
  1.7312083e-03
 -5.0457730e-04
 -1.1334607e-04
  4.2165897e-04
 -3.1918073e-03
  1.1715894e-03
  9.0017990e-04
 -5.4060330e-04
 -1.4384397e-03
  6.8514998e-04
  1.4089516e-03
 -2.8031638e-03
 -4.2264946e-03
  1.1995618e-04
 -1.1950041e-03
 -7.7377791e-03
  3.0016606e-03
  9.3836652e-04
 -2.6884973e-03
 -5.5977388e-04
  3.1483085e-03
 -5.7924294e-04
 -1.7392897e-04
 -9.5912296e-04
 -1.8014446e-03
 -1.2498414e-03
  3.5380138e-04
 -1.2993426e-03
  5.4792117e-04
 -3.1234901e-02
 -1.1219740e-03
  3.9327098e-04
 -1.2141117e-04
 -3.8231444e-03
 -3.3017722e-04
 -4.6243942e-03
 -5.1687579e-03
 -1.7599191e-03
 -5.9946789e-05
 -1.6927583e-03
  1.7001473e-03
 -1.0178789e-03
 -1.2866501e-03
 -3.2370295e-03
 -8.6154824e-04
 -3.3643886e-03
  7.6637650e-04
  3.2952789e-03
  1.5646742e-03
 -5.7738810e-04
  1.8501526e-03
 -1.1225479e-05
  8.1143709e-04
 -2.7196791e-03
  2.7460686e-03
  1.3842095e-04
  1.2630366e-03
  2.7564142e-03
 -4.4322647e-03
  6.4095929e-03
  2.8133369e-03
 -6.2944419e-03
 -3.4826669e-01
  9.1155554e-04
  1.6498857e-03
  8.9502288e-04
 -4.6512333e-04
 -5.8052123e-01
  1.9442227e-03
 -2.2277650e-03
 -2.3485327e-03
  8.8283792e-04
 -3.5137316e-04
  1.2581714e-03
  3.1485944e-03
  1.9852555e-04
  3.6581382e-03
  6.5148919e-04
  4.2416807e-03
  4.3282617e-04
 -7.9331367e-04
 -1.4150804e-03
  1.2635826e-03
  1.4384942e-03
  9.9338102e-04
  1.0726141e-03
  1.0499435e-03
 -1.1718824e-03
 -6.1231116e-03
 -1.3918761e-04
  3.7281759e-04
 -2.4592649e-04
  1.1846986e-04
 -7.9658261e-04
 -5.1859450e-03
 -1.7579246e-04
 -7.6716230e-04
 -2.0933698e-03
 -7.5822108e-04
  5.1225713e-03
  5.5325487e-05
 -5.3673880e-03
  1.5369725e-03
  1.5606333e-03
  1.6775384e-03
  3.3247364e-03
 -1.2526815e-04
  3.5184822e-03
 -3.5616800e-03
  1.7455019e-03
  4.3410953e-04
 -4.3924090e-05
  5.1134516e-04
  1.9568382e-03
 -7.1440503e-04
  1.8400500e-03
 -2.2471535e-03
 -3.6878296e-04
  8.4980758e-04
 -1.2959645e-03
 -7.2058872e-04
 -4.1739826e-04
 -2.0772365e-03
 -7.5105747e-04
 -1.5818940e-03
 -2.6182050e-03
  2.4498987e-03
 -9.2564842e-05
 -1.5936126e-03
  1.1456449e-03
  4.2020692e-05
  4.8879738e-04
  3.1855069e-03
  5.7550118e-04
  1.7098407e-03
 -5.3172407e-05
  5.9499888e-04
  3.3997816e-03
  3.9508744e-04
  1.3961218e-03
 -2.6160302e-03
 -4.0444502e-04
  1.0410937e-03
 -1.1457996e-03
 -2.9451775e-04
  1.6756339e-03
  2.2150602e-03
 -3.8317258e-03
  2.6650585e-03
  2.8577575e-03
  9.5739560e-03
 -1.5298995e-02
 -1.1362565e-04
  1.1128989e-03
  2.7269172e-03
 -5.0382788e-04
 -4.5223767e-03
 -4.4872854e-03
  1.9916468e-03
 -1.7218242e-04
 -3.0403242e-03
 -9.8416302e-04
 -2.5314812e-03
 -4.9174111e-03
  2.9017706e-03
 -6.7799410e-04
 -2.3667167e-03
  4.9619860e-04
 -1.3536259e-03
  2.7669861e-04
 -4.3293349e-03
  3.4455410e-03
  2.7110602e-03
  1.4492887e-03
 -1.2826415e-04
  1.2596024e-03
  4.9526906e-03
 -1.0502589e-03
 -3.6257911e-01
 -2.2669662e-04
  2.1042277e-03
 -2.8114661e-03
  3.5043785e-03
  4.2509544e-04
  1.1290465e-03
 -2.1930865e-03
 -2.9516319e-05
 -3.2515202e-03
  4.3016390e-04
  1.6538382e-03
 -2.5755188e-03
  1.8971005e-03
 -3.7641777e-04
  8.0123078e-05
  6.4419670e-04
 -3.7404385e-03
  3.6318236e-04
 -6.5448449e-04
  1.9650268e-03
 -1.2195178e-05
 -7.3411065e-04
 -2.5915042e-03
 -1.0349588e-03
 -1.0705373e-03
  1.0339669e-03
 -1.5802034e-03
  5.4441835e-04
  1.7966834e-03
 -1.5380315e-03
 -1.2852272e-03
 -1.0750087e-03
  1.6584792e-04
 -1.6095000e-04
  1.7688825e-03
 -5.6711456e-04
  1.5103960e-03
  4.7298721e-03
  1.4827354e-02
  7.2504628e-01
  1.7659344e-01
 -2.0889586e-01
 -5.1491404e-01
  1.7925600e+00
  8.4986353e-01
 -7.0661329e-02
  7.2670805e-01
 -1.5721010e-01
 -6.2130731e-01
 -1.0316338e-02
 -1.5714405e-02
 -1.1683262e-03
 -6.6924477e-01
 -5.2712890e-03
 -3.3976454e-03
 -9.8055206e-02
 -1.1709731e-01
 -1.2431711e+00
 -3.0440200e-02
  5.2386556e-05
 -7.1818016e-02
 -4.8590302e-01
 -5.7664192e-01
 -6.5999001e-01
 -7.8337761e-03
 -6.5993440e-01
 -1.3679382e+00
  3.1238033e-03
 -1.0893708e+00
 -1.7882016e-01
 -3.2956296e-01
 -6.9098574e-01
 -1.9612588e-01
 -1.3636955e+00
 -1.7493153e-01
 -4.1722664e-01
 -7.0993620e-04
  3.0056116e-01
 -1.5004120e-03
 -1.6271318e+00
 -6.3022870e-01
 -1.1461331e+00
 -2.0387696e-01
 -6.3504197e-04
  2.9212391e-01
 -6.2962488e-04
 -6.0721119e-03
  6.2978682e-03
 -5.3863320e-04
  1.5087200e-03
 -1.0831284e-03
 -1.1256979e-01
 -1.5506346e-03
 -1.2767155e+00
 -7.7439320e-01
  9.3414541e-04
  1.7117473e-03
 -3.7598778e-02
 -4.8856106e-01
 -1.4087062e-01
 -2.1464197e-01
 -1.8690433e-02
 -2.0757789e-04
 -1.2603017e-02
  2.5291559e-03
  2.7928159e-02
  2.4423713e-03
 -5.1405030e-01
 -1.2281848e-02
 -1.0647435e-03
  2.5499594e-01
 -4.7580415e-01
 -5.1448285e-03
 -4.5755067e-01
  1.0314470e-03
 -2.2521591e+00
 -1.2271834e-01
 -5.3452868e-02
 -6.2449472e-03
  4.2114846e-02
 -4.8051626e-04
 -2.5741940e-03
 -3.4868927e-03
 -4.2385812e-04
 -4.1526534e-02
 -2.2514568e-01
 -2.5872957e-02
 -1.9844426e-01
  5.3963786e-01
 -2.1533245e-01
 -3.7987366e-01
  6.0705825e-05
  2.9971248e-01
 -2.7333871e-03
 -7.3135674e-02
 -9.5212989e-02
 -3.7481731e-03
 -1.2838293e-03
  6.3015805e-03
  1.1736017e-03
  2.1891985e-03
  4.0760096e-03
  3.5266941e-03
 -1.4053195e-03
  4.4178092e-03
  3.3359881e-03
  7.1317365e-04
  2.7900401e-01
 -3.7523676e-03
 -1.0416585e-02
 -2.6290684e-03
  8.9242477e-03
 -5.5579275e-01
 -5.5940024e-04
 -8.9637702e-03
  8.3880342e-04
 -3.6376965e-04
 -2.3775562e-03
 -6.3103618e-04
 -9.4895333e-04
 -1.0625308e-02
  7.8395860e-05
 -5.1043311e-04
 -1.9317113e-02
 -4.4592274e-03
 -4.6059927e-03
 -1.2804005e-04
  8.8737893e-04
  5.5224239e-04
  4.1333583e-04
 -1.4274745e-03
  1.8442687e-04
 -2.1493682e-03
  1.9721712e-03
 -8.2550675e-04
  6.6580954e-03
  5.3409720e-04
  3.0632014e-04
 -6.2095402e-03
 -2.4022653e-05
 -2.2149775e-03
  8.8580331e-05
 -6.5602134e-03
 -9.0626668e-04
  4.3155884e-04
  2.1384251e-03
  3.0915670e-03
  1.2502736e-04
 -1.0082928e-03
  1.8069943e-03
 -6.4924611e-03
 -4.0472543e-05
 -4.6579531e-04
 -7.0112746e-04
 -1.5034574e-03
  3.7113641e-04
  3.0992629e-03
  8.8516163e-04
  3.3654009e-03
  2.0235051e-01
 -6.4166426e-03
  2.7396836e-04
  2.7530880e-03
  2.5363488e-04
 -3.4560225e-04
  1.2715251e-02
  1.5661457e-03
  1.1210280e-03
 -1.7418475e-03
 -1.4790951e-04
 -4.8180945e-02
 -1.7496610e-05
 -4.0466595e-03
  3.3429847e-04
 -7.3534402e-04
 -1.3653347e-03
  1.3004642e-04
  1.0024499e-03
 -4.4827520e-05
 -3.1936721e-05
  4.0359856e-03
 -2.7358226e-04
 -7.6182990e-04
 -2.3763473e-03
 -2.1243566e-03
 -2.5220900e-03
  4.9157124e-03
 -1.4271210e-03
  7.0237275e-04
 -1.5775108e-03
  8.8199525e-04
 -6.0279221e-05
  6.6442078e-04
 -1.1636015e-03
  1.7539746e-03
  7.6981699e-03
  7.6736469e-04
 -1.6614561e-03
  3.6160436e-03
  1.8223247e-03
  2.9026163e-03
  2.0809285e-04
 -2.2335548e+00
 -1.8153634e-04
 -1.1751689e-03
 -3.0171715e-05
  4.0084324e-03
 -7.5996715e-05
 -4.4059918e-05
 -5.9351063e-04
 -1.1733540e-03
  2.0154712e-03
 -8.7857002e-04
  1.2115310e-03
 -3.5879567e-01
 -1.1368315e+00
 -6.1950213e-01
 -6.8383563e-01
 -2.8834870e-01
  4.3471771e-01
 -1.2199651e-02
  1.6576331e+00
  5.4702413e-01
  8.7524876e-03
 -5.1798725e-01
 -2.2517744e-04
 -1.5144512e-03
 -8.0005056e-04
 -1.0734020e-01
  2.1902949e-03
 -3.7491077e-01
  3.7780367e-02
  2.5861201e-01
 -7.5787491e-01
  6.7143299e-04
  2.9915189e-02
 -1.2165280e-01
  5.0102703e-02
  5.8390599e-01
  4.8704639e-02
  4.6109310e-01
  7.3837686e-01
 -9.7497958e-01
  4.7839004e-01
  3.8282382e-01
 -9.1416791e-02
  3.6286565e-03
 -5.1733099e-02
  1.9321805e-02
  7.4096274e-01
  9.6094245e-01
 -5.2028358e-01
  2.8249779e-01
  1.0054000e-01
 -3.9355783e-04
 -3.5216016e-01
 -7.1807508e-03
 -1.9088313e-01
 -2.7849004e-02
 -2.0601859e-03
  1.1996208e-01
  7.5441524e-03
 -1.4069110e-04
 -2.1799474e-03
  6.2025767e-03
  4.6011242e-03
 -4.2120819e-03
 -3.0963512e-03
  1.5837743e-03
 -9.5800427e-04
  7.5222133e-04
  3.6489891e-04
  3.3844182e-05
  4.3067755e-03
  2.0444095e-03
  3.4913532e-03
 -3.5711923e-03
  8.0722925e-04
 -2.5101095e-03
 -1.5346467e-03
 -1.5231632e-03
 -2.3543267e-03
 -1.0712292e-01
 -1.4986469e-03
 -3.6857295e-04
  5.6769187e-04
 -2.2715618e-04
  2.7955347e-04
 -3.8857961e-03
 -6.7864670e-03
 -3.5929889e-03
 -8.2640699e-04
  4.9769268e-03
 -2.5522411e-03
 -7.3891389e-03
 -7.3870004e-04
  4.3810774e-03
  2.0097678e-03
  1.8062403e-03
  1.5738386e-01
  1.3913712e-03
  2.8058552e-04
 -2.0403911e-03
 -8.1597092e-03
  1.5942449e-03
 -1.2959950e-03
  5.2853464e-03
  7.1885507e-03
  5.7931012e-04
  2.9551641e-03
  1.6659406e-03
  5.1713927e-04
 -2.4563805e-03
  1.7620153e-04
 -5.8758608e-04
 -4.0621483e-03
  7.2539493e-04
 -1.1170275e-03
 -1.4534300e-03
  1.8264267e-03
 -9.6441858e-04
 -1.3297753e-03
  3.7170360e-03
  4.6361945e-04
  4.8750828e-04
  4.8679262e-03
  8.8248523e-03
  2.3548369e-04
 -5.0175691e-04
 -6.6123614e-03
 -2.5124585e-02
 -4.2047614e-04
  4.6771993e-03
  5.1366456e-04
  1.3272247e-03
 -7.5292042e-03
  9.3930837e-04
  7.4121571e-04
 -1.7408007e-04
  2.8552214e-04
  1.3226656e-03
  1.0350141e-03
  3.9603151e-03
  2.0549216e-03
  1.3113834e-03
  3.7998904e-04
 -8.0276723e-04
  3.6445721e-03
 -1.5305226e-04
  8.0744701e-04
 -2.2502273e-04
  1.7525482e-03
 -1.6618079e-04
  4.0469351e-03
 -1.8212209e-04
 -3.0967107e-04
 -1.8107983e-03
 -2.4345265e-04
  1.6102880e-03
 -7.9291528e-03
  5.7776360e-04
 -1.3988297e-03
 -5.1288581e-03
 -7.2382827e-04
 -1.9135749e-03
 -2.2580000e-04
 -5.5512134e-04
 -1.0487356e-03
 -3.6528849e-04
  3.3371416e-05
  3.8771790e-03
 -1.0063596e-03
 -1.9122145e-04
 -2.2733486e-03
 -1.9753689e-04
  1.3288083e-04
  3.9619792e-01
 -1.0071543e+00
 -2.6129005e+00
  6.2646526e-01
  1.7897805e+00
 -1.8616502e+00
 -1.1682563e+00
  5.7452750e-01
 -1.1053433e+00
  6.7662358e-01
  9.4274515e-01
  3.2673366e-03
  5.7379398e-03
 -4.6777248e-01
  1.2770957e+00
  1.5938390e-02
 -1.4689809e-01
  1.6453300e-01
  3.8391104e-01
  1.4029160e+00
 -1.2824555e-01
  5.0749809e-01
  8.0489039e-01
  7.4531108e-01
  3.9338730e-03
  2.1976334e-01
  7.1455294e-01
 -6.5672684e-01
  9.0257460e-01
 -1.1850846e-02
 -6.6602743e-01
  4.3953505e-01
  9.7439504e-01
  9.1077924e-01
  9.6038729e-01
  1.2990962e+00
 -8.8663065e-01
  4.7563198e-01
  5.0807625e-02
  3.2370046e-01
  8.6325860e-01
 -8.3130747e-01
  6.5612513e-01
  7.2410291e-01
  9.4231987e-01
  2.1614695e-01
 -8.2839675e-02
  1.2926473e-01
  1.7523431e-03
  8.0822958e-03
 -7.7270321e-03
  3.2731011e-03
  1.9555601e-01
  4.2389613e-01
  4.4292971e-01
 -1.6331407e-01
  2.3184611e-01
  5.9703797e-02
  6.8700220e-03
 -1.4217229e-02
  9.1460961e-01
 -9.5737427e-02
 -3.3707851e-01
  6.2389667e-03
  2.3217360e-02
  9.7493548e-03
 -1.2437030e-01
  1.7696325e-01
  6.8409818e-01
  9.6054740e-02
  1.7736450e-01
  4.4204979e-03
 -5.2302886e-02
  4.1031599e-04
  3.6956213e-02
  6.8058914e-01
  1.4471270e-03
  1.2501138e+00
  1.8791151e-01
  1.4948855e-01
  1.9436748e-01
 -8.3808160e-01
 -2.6463671e-04
 -8.4930705e-03
  1.4413695e-03
  2.6534691e-01
  6.3159633e-01
  1.1697901e+00
  2.8253606e-01
  4.7723132e-01
 -6.2090863e-02
  2.3019081e-01
 -9.6067950e-02
 -4.0770993e-02
  1.5898153e-01
  3.0493149e-01
  5.3551412e-01
  5.2060640e-01
  1.1482579e-01
  2.0453637e-03
 -1.1997516e-03
  9.0620585e-02
  1.2647833e-03
  3.9132035e-04
 -8.7640574e-03
  3.4808749e-03
  5.6411847e-03
  3.4377850e-03
  1.7458042e-03
 -5.1889522e-03
 -6.7458325e-04
  6.5523892e-04
 -1.1080460e-03
  5.2267837e-04
 -7.9378171e-04
  1.2920079e-04
 -1.7881423e+00
  8.2490922e-05
  9.2966924e-04
  3.6548101e-03
 -4.0562875e-03
 -1.3169061e-03
 -2.1898651e-03
 -4.6844585e-04
 -1.8323432e-03
  4.2358986e-03
  6.3650021e-03
 -1.8024133e-03
  2.6505487e-03
 -3.8322078e-03
 -2.5848569e-03
 -4.6589551e-03
  3.6910248e-03
 -3.0077640e-03
 -1.1900417e-03
  1.0688538e-02
 -6.6676718e-04
 -6.8612705e-04
 -6.5637327e-04
 -3.4059454e-03
  1.7317279e-03
  7.9221027e-05
 -3.1328376e-04
 -4.0082042e-03
 -5.5911130e-04
 -6.9917454e-03
  4.9239013e-04
 -8.2083807e-06
  4.2531202e-03
  3.9576530e-03
  1.3297105e-03
  1.2127509e-03
  2.3225422e-03
 -1.2686232e-03
 -5.1881555e-03
  2.1272595e-03
  1.1939181e-04
  2.1195423e-03
 -8.4890053e-04
  4.1016750e-03
  1.5817010e-03
  9.3915882e-03
 -1.2335778e-03
  2.9220519e-05
  1.0309278e-03
  2.1427886e-03
 -3.2533766e-03
  9.6121617e-03
  5.7237712e-03
 -2.3471490e-03
  3.0160414e-03
 -3.1011831e-03
 -2.1054542e-03
 -4.4885846e-03
 -1.4179815e-03
  3.9853228e-04
  1.1635207e-03
  8.9254882e-03
  3.0696702e-03
 -1.1062960e-03
  2.7445292e-03
 -4.9287281e-03
  2.3277667e-03
  1.8213862e-04
  6.3445061e-03
 -2.3721731e-03
  1.0739435e-03
  3.2970050e-04
  8.5345074e-04
 -6.9591025e-04
 -1.3894986e-03
  4.6901805e-03
 -4.0497736e-04
  2.9820118e-03
 -1.0689553e-03
  1.3367367e-03
  1.7673756e-03
  8.9849124e-04
  3.0784451e-03
  2.5160285e-03
  8.0988451e-04
 -2.2197107e-03
  2.0032891e-03
  3.6898605e-03
  2.0889575e-03
 -1.1215141e-04
  2.7924725e-03
 -1.5066641e-03
 -1.4072430e-03
 -1.1924036e-03
 -5.3984119e-04
  2.3802966e-03
  3.7111060e-03
 -7.7221653e-04
  1.3293972e-04
 -9.4578179e-05
 -6.0558754e-01
 -1.2947507e-01
 -1.1545387e-01
 -3.2371357e-01
  1.4439620e-03
 -4.7732979e-01
 -6.5213251e-01
  8.9164710e-01
 -5.2327424e-01
 -1.1598895e-02
 -2.4528849e-01
  1.3089284e-03
  4.7401401e-01
 -5.5354841e-02
 -1.5405042e-01
 -2.4861927e-04
 -1.2458662e-01
  1.1064993e-02
  1.3512026e-01
  1.8110116e-01
  2.3540935e-02
 -1.8934637e-02
 -1.3507331e-04
 -2.1035022e-03
  5.0168234e-01
 -7.6045544e-04
 -2.4084070e-04
 -2.5044921e-01
  1.0440156e+00
 -4.4498749e-02
 -6.9014227e-04
 -2.3363148e-01
 -2.3773883e-03
 -1.3860476e-02
 -2.7358091e-01
  1.6327755e-03
  1.6956729e-01
  7.8454334e-01
  5.5351049e-01
 -1.5151684e-01
 -1.5002045e-01
 -1.6553208e-02
 -4.8216833e-03
 -1.3165866e-01
 -5.5324876e-01
 -6.9068762e-04
 -3.4017988e-02
 -1.1496504e-03
  1.7286568e-03
  2.2258558e-03
  6.4094081e-03
  5.5238488e-04
 -7.3736627e-03
 -2.1974592e-02
 -7.1027856e-03
 -1.2386081e-02
 -4.4813094e-01
 -1.2551455e-01
 -1.9068627e+00
  9.3910587e-01
 -1.0526748e+00
  6.3926232e-01
 -6.6944945e-01
  1.8875131e-03
 -1.1733987e+00
  8.8621840e-02
 -2.8422579e-01
 -2.7644965e-03
 -3.9185664e-01
  1.8581514e-04
  3.1748097e-02
  2.7799467e-04
 -8.0203973e-02
 -3.5520107e-02
 -9.4480336e-01
  9.0906513e-05
 -1.4951277e-01
 -1.7065383e-02
  2.6439379e-03
 -3.0865669e-01
 -3.8909280e-01
 -5.2554846e-02
 -1.3243705e+00
  3.8470519e-01
  1.4599802e-01
 -1.5759969e-01
 -3.8639333e-02
 -6.6122971e-04
 -3.8340494e-01
 -2.3400549e-04
  3.1504204e-04
 -9.3876757e-02
  1.3243017e-01
  3.0814834e-02
 -6.7037628e-03
  1.5059799e-02
  2.0471142e-04
 -8.1604950e-02
 -2.0333953e-01
 -9.9317886e-02
  1.2877105e-02
  1.8050695e-03
  8.3717069e-04
  7.0367754e-04
  2.4649529e-03
  2.6881560e-03
 -3.2146003e-03
 -1.2269804e-03
  1.0727447e-03
 -3.8546883e-04
 -5.4309662e-03
  2.2792502e-03
  7.0427824e-04
  1.3504702e-01
  4.3843445e-01
  1.1556753e-01
  2.9648411e+00
  6.4729666e-04
  2.5488862e-01
 -3.0760704e-02
  5.5313678e-03
 -1.0333905e-03
 -3.9024889e-03
 -2.8350733e-03
 -4.4996104e-01
  5.6065279e-01
  9.6751910e-01
  7.2264951e-04
  1.4439046e-01
 -2.6778504e-02
  3.1184882e-02
  1.5860172e-04
 -6.0212647e-04
 -4.9788603e-03
  7.6641071e-01
  2.1385866e-01
  1.1745751e-01
  4.1860566e-01
 -3.8050461e-04
 -2.8859510e-03
  1.5938737e-03
  7.8066002e-04
 -9.7879602e-05
  4.3037138e-03
  2.5458017e-01
  4.0799614e-02
  6.4737471e-03
  3.4000338e-03
  3.2131311e-01
  5.2388012e-01
 -3.8084725e-04
 -3.7816491e-03
  2.0358997e-04
  1.6794711e-03
 -2.4467492e-03
 -2.1510841e-02
  1.3854813e-03
  9.5855229e-04
  1.6595264e-05
  9.9126075e-04
 -3.7294913e-03
 -1.0697593e-01
 -1.0806112e-04
  5.4395717e-04
  1.7994558e-04
 -2.7998301e-04
  2.9720047e-03
 -3.2458538e-03
 -6.6479947e-03
  8.8841503e-04
  3.1810047e-03
  2.9416522e-03
 -6.3070656e-05
 -5.5597220e-03
  2.8995978e-02
  8.2078495e-04
  7.4873939e-03
 -2.1734433e-03
 -3.9358106e-03
  1.3091339e-03
  1.5406659e-01
  1.2568526e-04
  1.6155544e-01
  1.7699877e-03
  1.2397871e-03
  9.2634326e-04
 -1.3225545e-03
 -3.2030246e-03
  1.3396638e-06
  3.4409198e-03
 -8.8809778e-05
 -5.1420978e-03
 -1.7813317e-02
  2.8600709e-03
  5.8115047e-04
  2.0019545e-03
 -9.1298419e-04
  3.9154524e-03
  7.5836625e-04
 -6.8308924e-05
 -1.5758983e-03
 -6.1928295e-04
 -2.6446706e-04
 -3.3281329e-03
 -1.4733381e-04
 -8.9185225e-04
 -1.5350357e-03
 -1.8815789e-03
 -1.7299152e-03
  2.5366861e-04
  8.2487790e-03
 -1.0791185e-03
  1.5504521e-03
 -3.4141933e-04
 -1.4892474e-04
 -1.2766962e-03
  1.4300462e-03
 -2.7613246e-01
  1.5497708e-01
  3.2038179e-01
 -2.1402209e-05
 -2.6446790e-01
  8.1357121e-02
 -4.8449019e-01
 -1.6872975e-01
  1.0545955e-02
 -5.5199717e-03
 -1.1093102e-02
  3.1793006e-03
 -7.0523648e-03
  2.3764051e-02
 -2.9384203e-03
  4.3527081e-04
 -5.2728141e-03
  2.2022273e-02
 -1.0940134e-01
  1.3873520e-03
  7.6612760e-06
  4.6700430e-03
 -2.0730123e-03
 -1.6591724e-02
  1.4382894e-03
 -3.3217089e-04
  2.9352865e-01
 -4.0871198e-03
  2.5825322e-01
  1.1379027e-03
  1.0621165e-01
  1.2730866e-02
  5.0564788e-02
  2.8834457e-03
  1.9324067e-03
 -9.0872180e-01
 -1.5744670e-01
  3.4157485e-02
  2.6019171e-01
  4.9941456e-03
  2.5177187e-01
  5.3838367e-04
  2.1062763e-01
  3.5380524e-02
  2.8559321e-03
  1.0618818e-02
  3.9892574e-03
 -3.1023528e-04
 -8.2452392e-04
  1.0116945e-03
 -6.0990984e-03
  1.2659596e-03
  1.1477050e-01
  1.6074490e-03
  8.0665898e-01
  9.0598020e-05
  1.4813638e+00
  1.1717972e-01
 -2.9656755e-02
 -3.6647408e-03
  6.5055132e-01
  3.4172810e-04
  2.9336615e-03
 -1.6739613e+00
 -5.7292140e-01
  4.0231174e-01
 -6.0457346e-04
  2.6504222e-01
 -4.1120890e-01
 -1.8661562e+00
 -4.4127643e-01
  1.2190020e+00
 -6.5788538e-03
  1.0333965e+00
 -3.2137302e-03
  1.1497315e+00
  1.8817185e+00
  6.0833073e-01
  1.4724624e+00
 -4.7783295e-04
 -5.0661618e-01
  4.0092412e-01
 -1.1048724e-01
 -1.2084932e+00
  5.3777546e-01
 -3.6571254e-03
  2.0345928e-01
  1.4202585e-04
  6.6263449e-01
  1.1888027e+00
  1.1613659e+00
  5.1316353e-03
 -3.4782324e+00
 -3.6719735e-03
  2.0705054e-03
  1.0504850e+00
  1.3672220e+00
 -1.7252517e-01
 -4.9687992e-04
  8.8914816e-04
 -1.6007140e-01
 -1.1142691e+00
 -1.1080706e+00
 -1.1627178e+00
 -2.9819006e-01
 -1.6600642e+00
 -6.6791855e-02
  6.5120161e-01
  1.5530603e+00
  1.6037562e+00
  3.4083018e-01
 -6.6893501e-04
 -1.7699163e+00
 -9.5830572e-01
 -7.4376601e-01
  3.3410454e-01
  1.0036970e+00
  2.5258763e+00
  9.0685528e-04
  3.2878312e-04
 -2.0869898e-04
 -1.0801153e-03
  1.9234717e-03
  7.0465659e-03
 -5.5708499e-03
 -3.7650186e-01
  1.9764628e-03
  3.0797651e-01
  7.4239723e-02
  2.3002024e+00
  4.9351318e-05
  1.4507602e-01
  1.8568178e-01
  3.3553147e-01
 -5.1082317e-03
 -1.8831274e-03
  1.3375368e-03
 -2.3376309e-04
 -3.4083608e-03
  6.7023758e-04
  1.9918203e-04
 -3.0774369e-03
  1.0213099e-02
 -1.8614318e-04
  2.2516199e-04
  7.4260783e-01
  5.1772166e-03
  1.3907517e-01
 -2.1004386e+00
  2.3930086e-01
 -1.3138377e-03
 -3.5779036e-03
  2.9378568e-04
  2.4257321e-03
  2.7884014e-03
 -2.8440068e-03
 -2.0503227e-04
 -1.0438989e-03
  6.1625375e-05
  1.6995579e-02
  1.8068510e-01
 -4.5748642e-03
  1.3335344e-03
 -5.6596917e-01
  1.3646284e+00
  2.6784825e-01
 -1.7124038e-04
  3.9019273e-03
  1.6510544e-03
  2.2160935e-03
  6.4773654e-04
  1.8991639e-03
 -1.5916652e-03
  4.5907972e-03
  1.6575569e-03
  3.2901473e-02
 -1.1512966e-01
  1.2224485e+00
 -5.6118035e-04
 -1.1389994e-01
  7.3191297e-01
  4.4909021e-01
 -4.0350403e-03
 -2.3492644e-02
  1.7683541e-03
  1.8373170e-03
 -8.4097340e-04
  2.1607787e-03
 -3.4768865e-03
  2.2957218e-04
 -2.0204752e-03
  4.4976261e-02
  6.6486729e-04
  8.1600893e-01
 -1.1643704e-03
  2.2650398e-02
 -2.6734219e+00
  2.8387251e+00
  1.4146612e-03
  2.3223490e-03
 -2.8212548e-03
 -1.1922027e-03
  2.6116360e-05
 -4.4098770e-04
  2.3753723e-04
  2.6964612e-04
  5.6843106e-03
  3.6696900e-04
  1.8414375e-01
  2.0506253e-02
  1.0349572e-01
 -1.3437515e-01
 -1.7006192e-01
  1.2577496e+00
  3.2472848e-03
  3.4755646e-04
 -5.2459552e-03
 -1.5376227e-03
  9.2487969e-03
 -2.2153748e-04
  3.5819277e-04
 -6.2737130e-03
  1.1468813e-03
 -1.5933871e-05
  4.4901185e-03
 -1.0411824e+00
  7.0988922e-03
  1.8226600e-01
 -1.5842678e-01
 -9.9554014e-01
  1.1410491e-03
 -2.7605812e-03
 -7.0357742e-04
  3.0676560e-03
  1.1773622e-03
  3.8979782e-04
  4.8146108e-03
 -6.4309704e-04
  1.9177442e-04
  4.2088053e-01
 -1.1001255e-02
  7.1722396e-02
  1.2348984e-02
  7.2392672e-01
  1.2742250e+00
 -1.1411258e+00
  1.1742848e-03
 -9.3313847e-03
  1.0752475e-03
 -2.9603818e-03
 -2.0020797e-03
 -5.2568124e-04
 -3.5230923e-04
  1.3609414e-04
 -1.8481357e-03
  2.7425119e-03
  3.8316626e-02
  1.1464478e+00
  8.8628223e-03
 -1.3790788e-01
 -1.3181707e+00
 -1.9076598e-01
  1.2897950e-03
  2.3703359e-04
  1.8496292e-04
 -3.0581516e-04
  2.1980615e-01
  7.1835163e-04
 -3.7067033e-02
  1.7014673e-01
 -7.8212901e-04
 -2.5053329e-03
  1.2139138e-03
 -4.6741819e-01
 -2.8600346e-03
 -2.6339173e-01
  6.6677451e-02
 -1.7494893e+00
 -1.2154031e-03
  2.4472526e-04
  4.7789696e-03
 -7.3999101e-05
  3.5404702e-04
  7.4295066e-03
 -1.1366465e-03
  1.7726433e-03
 -6.9257827e-03
  1.3700922e-03
 -1.6841806e-03
 -4.9165483e-03
 -2.4356083e-03
  6.9464475e-04
 -3.6193996e-03
 -6.3397130e-04
 -8.9261797e-04
 -3.3210425e-03
 -2.4868578e-03
 -2.3555518e-03
  1.5357088e-01
 -3.0819649e-02
  5.7734172e-03
 -2.9887408e-03
  2.5148003e-03
  1.6342554e-05
 -1.5939899e-04
  1.2023842e-01
  1.8522014e-03
 -4.9800146e-03
 -3.0414653e-01
 -3.3383468e-01
  2.9269888e-04
  3.6729273e-04
  2.3954997e-03
 -9.8733557e-04
  7.5555244e-03
  1.7259029e+00
  3.5166563e-04
  2.2389777e-01
  1.0397990e-04
  1.7385940e-04
  5.2135491e-01
 -4.8839832e-03
 -6.8190563e-01
 -3.3115309e-02
  4.4523482e-04
 -1.1836180e-02
 -1.0001224e-02
 -4.7058577e-04
 -1.0771402e-03
  4.0210430e-03
  2.7704643e-04
 -7.5233571e-02
  1.2167986e-03
  1.0938294e-01
  1.0665266e-03
 -3.8529186e-07
  2.2888940e-04
 -8.8388799e-03
 -7.1284105e-04
 -1.9822186e-02
 -1.6685940e-01
  1.1387450e-03
 -2.3654639e-03
  1.4903990e-04
 -2.8247198e-03
 -6.5028187e-05
  7.0177746e-01
 -4.8522532e-01
  2.3518409e-01
 -4.5326669e-02
 -3.8621468e-03
 -7.6236599e-04
 -2.1794934e-03
 -4.6834536e-04
  8.0897051e-01
 -7.9652686e-03
  3.2646205e-02
 -8.0312526e-01
 -2.6757952e-03
 -1.7106222e-03
 -4.5709321e-04
 -4.9523786e-03
 -2.7542987e-01
  1.9978070e-01
 -4.4980386e-01
  1.8841973e-01
 -1.6365062e-03
 -3.7131936e-03
  1.6583830e-01
  2.2293641e-01
 -5.3076303e-05
  9.1055455e-04
  2.2097360e-01
 -4.3775821e-01
  6.7172118e-04
  1.7603918e-03
 -1.0769423e-03
  3.3961546e-03
 -4.5362188e-04
 -8.4487222e-02
  7.8810081e-03
  5.3135407e-01
  9.4869093e-04
 -3.5026679e-03
  6.3473415e-03
  5.7470784e-02
 -2.6854814e-05
  1.4357874e-04
  1.8307619e-03
  8.3517748e-01
  2.2182667e-03
 -4.6206312e-03
  6.9676824e-03
  1.7981655e-03
  7.0112600e-04
 -1.4268365e-02
 -1.4413820e-03
  7.3546416e-04
  3.0799600e-04
 -9.6271338e-04
 -1.4031223e-04
 -8.6736247e-02
 -3.6052000e-03
 -4.6230206e-04
  1.9553766e-01
 -6.8117767e-03
 -1.2928230e-03
 -3.7096951e-02
  8.7567617e-04
 -7.0236884e-03
 -4.2135510e-01
 -1.0600718e+00
 -8.9983194e-05
  7.9376407e-02
  5.3360970e-03
 -3.6359793e-03
  3.2001826e-01
  2.5455862e-01
 -3.7931262e-03
  7.0768368e-01
 -5.9505445e-01
  7.1681923e-01
 -4.1222826e-04
 -1.2409284e-03
  5.1636454e-03
 -6.8993727e-03
  1.5435045e-03
 -2.8855741e-02
  1.1478765e-03
  4.2532133e-03
  1.2044770e-03
 -2.3553871e-04
  2.4289256e-03
 -1.1473503e-03
 -4.8676776e-04
 -2.6691690e-04
 -2.1383610e+00
  8.8839924e-01
 -6.9646369e-05
  6.0588930e-02
  1.6963511e-03
 -1.5132061e-03
  6.3083819e-03
 -3.1996097e-03
  6.3777500e-04
  4.9608771e-04
 -3.1770268e-03
 -7.0204237e-03
  2.5734748e-04
  6.0453132e-04
 -3.4414600e-03
  2.5398235e-03
  7.6929933e-01
 -1.2072400e-01
 -1.8739095e-04
  6.9879818e-01
  2.1263273e-03
  1.4136318e-04
 -4.8697418e-01
 -1.8399359e-01
 -2.5020984e-03
  3.1591597e-01
  4.1172863e-03
 -6.1957951e-04
  2.2376759e-03
 -1.3465423e-03
 -1.5579634e-03
  7.3847395e-01
  1.4870912e+00
 -8.4650844e-01
 -1.4977455e-03
  1.8761425e-03
 -1.0510103e-03
  4.2100968e-03
 -2.5000650e-01
 -1.1595894e-01
  3.0346203e-04
 -1.4272898e-03
 -1.3743111e-04
 -4.0563224e-03
 -7.6055909e-03
 -3.0657038e-01
  4.9662641e-03
  8.6451985e-04
 -9.0845317e-01
 -8.0069035e-01
 -1.5227110e-02
 -8.6557694e-02
  4.0841363e-03
 -7.9922972e-04
  4.5883064e-03
  2.1483718e-01
 -1.6907144e-03
 -4.9047112e-02
  1.9581374e-03
  2.4707431e-03
 -1.8829214e-03
  4.0680994e-03
 -9.9999737e-04
  5.4331939e-03
 -2.1116233e+00
  9.1022325e-01
 -1.5211493e-02
 -1.9802761e-03
 -3.2001617e-03
 -1.8631699e-03
 -3.3936194e-01
 -7.0873402e-02
 -1.5367222e-03
  1.0843576e-01
  2.7451874e-04
 -8.1498781e-04
 -5.8089354e-04
 -3.9045629e-03
 -5.2895611e-03
  2.7622852e-01
  7.1967292e-01
 -2.1352332e+00
  3.2905000e-03
 -3.7371768e-03
 -2.9094779e-05
 -2.4868825e-03
 -3.7498564e-01
 -3.1803361e-01
 -5.0194078e-04
  2.7386221e-01
  6.0170342e-04
  4.0313769e-03
  4.7674546e-01
  3.8843318e-03
 -1.3336556e-03
  4.3442585e-03
 -3.9984652e-01
  1.3089374e+00
 -3.2398336e-02
  5.3969951e-04
 -3.1666816e-04
 -4.9160435e-03
 -6.0874631e-04
 -2.3362097e-01
  2.2808441e-03
 -2.3030370e-01
  1.2360160e-05
 -1.6553226e-03
 -2.9761081e-03
  1.8854204e-03
 -1.5640480e-03
  3.0361745e-01
 -9.6555941e-02
 -9.0960972e-02
  3.6449241e-04
  1.7532186e-01
  9.0441465e-01
 -2.9940736e-03
  1.0254788e-01
  2.5105330e-01
  1.0025907e-01
 -1.0419142e-02
  1.1945622e-02
  4.0508807e-01
 -8.7908244e-01
  1.0310600e+00
  3.6962910e-04
 -2.5495077e-03
  6.0940105e-01
  8.9751339e-01
 -4.5991753e-04
  4.4282847e-03
  8.4065059e-03
  4.2712013e-03
  1.1473292e-01
  1.1567995e-03
  3.6629455e-03
 -3.3920361e-03
  5.8661285e-04
 -3.0654247e-03
 -2.5353011e-01
  7.9190731e-01
 -2.7830017e-04
  4.0599820e-03
 -1.3425361e-03
  3.4240987e-03
  1.1037895e-04
  6.5758298e-03
 -1.9782051e-03
 -9.7217428e-04
 -4.3490063e-03
  1.3434947e-03
  6.0891517e-04
  1.8674301e-02
  4.8980716e-04
  5.7922755e-03
  4.1837433e-01
 -7.6824981e-01
 -2.6955429e-04
 -1.3195921e-02
  1.3652756e-02
 -6.5355575e-01
  8.7246456e-04
  2.8534688e-03
  4.8919267e-04
 -1.9908287e-03
  2.9261649e-01
  2.9792163e-01
  9.8096281e-03
 -1.6134311e-02
  7.7369944e-03
  1.8024074e-01
 -1.1622556e+00
  1.1212124e+00
  4.5628455e-03
 -1.5451168e-02
  9.1826016e-01
 -2.7447522e-01
 -4.3223076e-04
  1.1346788e-03
 -2.1709099e-03
 -3.2422950e-03
  3.1253323e-01
  2.5653917e-02
  1.8845812e-03
 -2.4327937e-01
  1.7186748e-03
  1.9525129e-01
 -2.1630485e+00
  9.7939330e-01
 -2.0954588e-03
  2.9084220e-04
 -9.6006430e-04
 -1.4191836e-01
 -1.0393998e-03
  1.0964702e-03
 -4.7533750e-03
  1.2956265e-03
 -2.5994340e-01
 -6.2714539e-02
  1.0870633e-02
  2.4300037e-01
 -7.5864908e-04
 -5.8792694e-04
  2.1435896e-01
 -7.6880544e-02
 -2.9731353e-03
  1.4258325e-03
  5.7344243e-02
  6.0050547e-01
 -1.6157174e-03
 -6.0675037e-04
 -2.2349476e-04
  8.2196749e-04
  4.4208327e-01
  1.4852575e+00
  5.9263462e-01
 -1.4200549e-01
  1.1665951e-01
  1.2987322e-01
 -7.0509776e-02
  3.1427708e-02
 -4.3673426e-04
  4.0848758e-03
  2.9435256e-01
 -6.2281835e-01
  6.0759648e-05
 -1.0086313e-03
 -1.7474814e-03
  4.6920665e-03
  7.1078531e-02
 -5.4662082e-02
 -1.1618561e+00
 -6.1074638e-01
 -1.4455615e-03
  4.7486436e-01
 -1.0965438e+00
 -4.0314894e-02
  6.7326264e-03
  9.5688098e-04
  3.7573320e-01
 -1.4935855e+00
 -6.2172901e-04
  2.2236391e-03
 -1.4872594e-03
 -4.3706242e-03
 -1.4606295e-03
  1.4121804e+00
  2.5278572e-03
  4.9781510e-01
  1.6065736e-03
 -3.0947346e-03
 -9.6362811e-01
 -1.3200562e+00
  1.1598488e-03
 -3.3235184e-03
 -3.4227083e-04
 -3.6223978e-01
  9.3531036e-01
 -2.0352238e-01
 -1.7961970e-01
  2.7700603e-01
 -3.4346485e-03
 -1.2745662e-01
  2.2655394e-04
 -1.3262110e-03
 -2.0450219e-03
 -1.1016572e-03
  2.3795557e+00
 -5.0299561e-01
  1.5577157e+00
 -4.8804078e-01
  1.8595003e+00
 -2.8441164e+00
 -2.3171385e-03
 -3.8389921e-01
  1.5302088e-02
 -1.0040008e-03
  1.1672216e-02
  2.0161418e-03
  8.1370474e-04
 -8.6309873e-03
  9.9740119e-04
 -1.5901101e-03
  7.1364397e-04
 -9.7385683e-04
  3.9352966e-03
  9.8270434e-04
  1.1888587e+00
 -1.4301454e+00
  2.7915470e-03
  9.0687853e-01
 -2.6676521e-01
  3.8321921e-01
 -3.1771204e-01
 -1.6826584e+00
 -1.1286038e-03
  1.2195177e-01
 -1.0789999e-04
  6.2812720e-03
 -1.2441486e-02
  1.4709730e-01
  9.6709847e-02
  5.1212060e-01
 -2.3088598e+00
  2.0553809e-01
 -6.5257275e-01
 -6.4465016e-01
 -2.3900969e-02
  7.4587923e-01
 -1.2067590e-03
 -6.7649454e-02
  1.2910566e-01
 -2.9343203e-01
  2.8274730e-03
 -4.3582441e-03
  8.9866567e-01
  7.7785105e-02
  7.5619757e-01
 -4.3003261e-01
  1.6658546e-01
 -2.4837080e-01
 -1.6103381e-04
 -3.5707390e-01
  2.9629651e-01
 -1.2810314e-01
  1.1080169e-01
  6.6268033e-01
 -1.8080116e-03
 -1.0114060e-02
 -3.9603619e-04
  8.3981897e-04
 -1.9043940e-04
  8.0804175e-01
  4.7109869e-01
  8.4612149e-01
  5.1244602e+00
  1.8690142e-01
  2.1573310e-01
  1.9015863e+00
 -3.6759225e-01
  2.2055160e-01
 -8.2654107e-01
 -4.0829638e-01
  3.2833326e-03
  8.0655974e-01
  3.2549656e-03
 -1.1824740e-03
  2.6531450e-02
 -1.0482304e+00
  6.9312775e-01
  9.9899691e-01
  6.6656512e-01
 -4.1542999e-02
 -1.3635395e+00
  1.3222334e+00
 -3.5017321e-01
  5.1181191e-01
  5.3860039e-02
 -6.1611789e-01
  6.8275398e-01
 -5.3904986e-01
 -1.2990528e-03
 -2.0059987e-03
  1.9320731e-01
  1.7214167e-01
  9.7397447e-02
  8.7424539e-02
  1.0490496e+00
 -1.4530892e+00
 -2.1609062e-01
 -1.6245618e+00
  6.4820260e-01
  4.0253732e-01
  4.1685486e-01
  1.0540898e+00
 -4.1681211e-03
 -5.3857970e-01
  3.3605741e-03
  6.5204431e-03
  6.2014611e-04
  7.9200966e-03
  5.6446016e-01
  1.6269702e-01
 -2.3097326e-01
  3.7937179e-01
  1.1631547e+00
 -1.1419482e+00
  6.7704525e-03
 -2.2258343e-01
 -2.3718078e-01
 -4.2511048e-04
  3.3867516e-04
  4.2665371e-01
  9.1265040e-03
  1.1970428e-03
  6.1040455e-03
  1.3333480e-01
  6.2204981e-01
 -1.1972949e-03
 -8.4798910e-02
  1.6105710e+00
  8.8389413e-03
  5.8040404e-01
  3.1003563e-03
  7.7349287e-03
  1.4213485e-02
  1.2082117e+00
  2.0698498e-03
  1.2657697e-01
 -3.9482517e-03
  1.6362674e-03
 -3.9325738e-01
  4.1003197e-01
 -1.6205202e+00
  3.3401570e-01
  3.1709172e-02
  2.4101853e-01
 -5.5951956e-03
  2.0828970e-01
  7.3970754e-05
  1.4760563e-04
  6.2733988e-04
  4.2800239e-04
  1.4269426e-03
  5.3404844e-03
 -2.3861504e-03
  1.8889215e-03
 -3.6927357e-03
 -2.3934934e-03
 -6.4971410e-03
 -4.3503433e-03
 -3.2208588e+00
  1.8805977e+00
 -1.3755792e-03
 -5.8817351e-03
  1.0436368e-03
 -5.9485709e-04
  7.2954025e-04
 -8.8156813e-01
 -1.8206321e-03
  4.0860634e-02
  1.6649966e-03
 -1.1734056e-03
  8.1945837e-02
 -3.1078658e-01
 -3.4369659e-01
  3.0037351e-03
  1.5801617e+00
 -5.4290757e-02
 -1.6057667e-04
  5.7930315e-01
 -9.3822563e-03
 -4.7833622e-03
  4.2655256e-02
  9.4180286e-01
 -2.0754116e-03
  6.9139451e-03
 -4.6932800e-03
  1.0567124e-01
 -2.1849515e-01
  1.1041225e+00
 -5.6958586e-01
  7.1900004e-01
 -1.9009595e+00
  1.5781346e-01
  4.0659630e-03
  7.9793543e-01
  2.5476122e-03
  6.6555804e-03
  2.6319321e-02
  1.5086988e-01
 -1.6220749e-03
  2.9756468e-02
 -4.5796530e-03
 -9.8807551e-04
 -3.3055636e-04
  1.0807021e-05
 -1.8551656e-03
  2.3089068e-03
 -4.0888753e+00
  2.7432444e+00
 -1.6435082e-03
 -2.0471027e-01
 -1.2562575e-03
 -6.3682074e-04
 -5.2814221e-04
 -3.4824359e-01
  8.6853458e-03
  1.2985991e-01
  6.0339208e-04
 -4.7551999e-03
 -3.6566323e-03
  2.6552752e-01
 -9.4848567e-01
  1.1207928e-02
 -2.3309467e+00
 -5.2521598e-01
  1.3027227e-01
  2.7453467e-01
  2.5392577e-02
 -1.4392074e-02
  1.1703609e-03
  5.7791060e-01
 -9.7223575e-04
  8.1723148e-04
  2.9249939e-03
 -2.8040900e-03
  1.2137956e-03
 -9.2126179e-01
 -2.9850414e-01
  5.9759859e-03
  2.8456931e-04
  1.3265187e+00
 -1.7251690e-03
  8.3907282e-01
 -5.5977498e-04
 -4.1054726e-02
  7.0275471e-02
  5.2475464e-01
 -1.1233616e-03
  3.4576735e-01
 -1.4303713e-03
 -4.3994528e-03
  3.7340063e-01
 -1.0719269e-01
 -2.4783120e-02
 -1.0775976e-03
 -5.4286343e-01
  1.0928142e+00
 -8.0720652e-03
  2.4146660e-01
 -1.7640829e-03
  3.2444447e-02
 -2.0747986e-03
 -2.7020279e-01
 -9.1228052e-04
  4.3698538e-02
 -1.1063346e-03
  8.0541307e-03
 -2.1811861e-01
  2.7667969e-01
 -2.8855813e-01
  2.1518756e-01
 -5.8277214e-01
  4.9368900e-01
 -9.6770789e-04
  1.5019714e-03
  1.0839485e-03
  2.6153869e-03
  2.6010871e-01
  2.3565882e-01
  5.7288364e-04
 -1.1603329e-01
  1.1778119e-03
 -2.9563665e-01
 -8.7444764e-01
  7.8860469e-02
  9.1143083e-03
  3.8912895e-01
 -1.5108099e+00
  8.1515384e-01
 -3.5702055e-03
 -1.2447254e-04
  3.7018082e-04
 -2.4575426e-03
  6.2346920e-02
  8.2752049e-02
  4.3025226e-03
  5.9802405e-04
  1.5712023e-03
 -1.2696377e-03
  2.7390450e-02
 -5.2469420e-01
  5.3465547e-04
  3.5179972e-03
 -4.2974073e-01
 -1.0127542e-03
 -1.1742639e-03
 -3.4447762e-03
  2.2909008e-03
 -1.3278062e-03
 -6.1406568e-03
 -7.7456966e-02
 -1.0978240e-03
  3.6376968e-04
 -5.3205988e-03
 -5.1018829e-04
 -7.6188028e-01
  8.3091003e-01
  1.3567854e-04
 -2.4153565e-03
  1.8781637e+00
  1.6775878e-01
 -1.7491110e-03
  8.1057800e-04
 -3.0388222e-03
 -2.9224269e-03
  3.1910372e-01
  4.3624252e-01
  1.2107302e-02
 -3.7987652e-01
 -3.0095712e-04
 -1.2829794e-01
  1.5271708e-01
 -7.8279126e-01
  1.7984763e-03
  1.6650192e-01
 -8.2045192e-01
 -8.0691671e-01
 -4.8618909e-04
 -8.2451093e-01
 -4.4900510e-03
 -2.6926864e-03
  5.9811622e-01
  3.5379240e-01
 -1.1360355e-03
 -2.2740448e-01
  2.6050603e-03
 -3.7577089e-02
 -6.0666946e-04
 -2.0510995e+00
 -3.1257286e-03
  2.3018094e-02
 -8.5213816e-01
  9.7174209e-01
  1.4688157e-03
  4.7144811e-03
  1.1402701e-03
 -3.3012472e-04
 -3.4912604e-01
 -1.5888353e-01
  3.1221786e-03
  4.0248135e-01
 -7.4766967e-03
  4.6006469e-03
 -7.9556905e-02
 -4.5991912e-01
 -1.7793376e-03
  2.9127446e-03
 -1.1855562e-01
  4.1784707e-01
  3.6312153e-03
 -4.3908781e-03
  7.5980169e-03
 -2.4773583e-03
  5.7827181e-01
 -4.9897826e-01
  2.1083798e-01
 -7.0346326e-01
 -1.1470714e-02
 -1.5458146e-01
  8.1945630e-03
  7.8776352e-02
 -5.0381185e-03
  1.0443423e-01
  9.4172400e-01
 -2.6821966e+00
 -3.6403551e-04
  4.0161479e-01
 -5.1738293e-04
  1.7830523e-03
  2.9985347e-01
  6.6034871e-01
 -6.6654352e-03
 -7.5003308e-01
  1.8347539e-03
 -2.3109980e-01
 -1.1937920e+00
 -8.8436973e-01
 -5.8975522e-03
  2.0592949e-01
 -6.0527865e-02
 -1.8129681e-01
  6.4467604e-04
 -5.2607574e-02
  3.3847571e-04
 -5.2486290e-03
 -2.4061523e-02
  7.5384361e-01
  3.9419523e-04
  4.7863349e-01
 -8.2622608e-04
  3.1393202e-04
  8.9033164e-02
  4.6353850e-01
 -2.5627476e-03
 -2.4395741e-03
 -1.2655116e+00
  1.0007074e+00
  1.0131028e-03
  1.5664560e-03
 -4.1298618e-04
  1.8212616e-03
 -6.6566549e-04
  3.2768852e-01
  9.0368139e-04
  3.3499924e-03
  4.2595202e-03
 -2.3035207e-04
 -1.8140970e-01
 -1.6814615e+00
  1.1239139e-04
  1.9274895e-01
 -9.7214025e-01
  7.0536144e-02
  8.0939621e-04
  1.0840606e-03
  5.8687292e-04
  1.3000495e-04
 -3.4124693e-03
  8.1837713e-04
  6.0773030e-04
  6.8864931e-04
 -3.6738234e-04
 -4.9719745e-03
  3.3090553e-01
 -1.5863266e-02
 -2.0973999e-03
  2.5194061e-03
  1.4107978e+00
  2.3032482e+00
 -4.4555883e-03
 -1.9213801e-03
  1.7938426e-03
 -6.6376335e-05
 -2.0620281e-04
  4.2618610e-02
 -1.6100700e-04
  1.8883264e-03
 -5.6007532e-03
  4.1349893e-03
 -6.1835790e-01
  8.7131453e-01
 -1.3060882e-03
  7.2573137e-01
 -1.4716487e+00
  2.7316201e+00
 -2.2201783e-04
  6.9064922e-03
 -1.0326115e-05
 -4.2138647e-04
  1.5804698e-04
 -3.4060401e-03
 -1.4076859e-03
  5.4742047e-03
 -2.9609951e-03
 -3.8915342e-03
  7.2519213e-01
 -3.3026573e-01
 -3.8041256e-03
 -3.2667246e-01
 -2.7712332e-02
 -2.9965365e+00
  1.5813697e-02
  6.7537196e-04
  7.1373797e-04
 -4.2858120e-04
  1.5784628e-03
 -9.8175595e-05
 -6.8115996e-04
 -2.4907584e-03
  7.0836912e-03
 -9.7367982e-04
  1.9040118e+00
  1.6983667e-04
  1.5858369e-02
 -2.1960731e-03
  3.7424517e-01
 -1.4004534e+00
  6.3493819e-04
 -2.3950200e-04
 -3.7192108e-04
  2.4891030e-03
 -3.5581880e-03
  4.2051310e-03
  4.7191554e-03
 -3.4314790e-04
 -3.5442278e-02
  4.0255763e-02
 -1.8748625e-01
  4.7728758e-05
 -6.7313766e-01
  3.7940919e-01
 -2.4930558e-01
  3.1679327e+00
  1.0116990e-03
  4.6506384e-03
  1.3965030e-03
  6.6775066e-04
 -4.5317391e-04
  2.8994409e-03
 -9.3395766e-07
  2.9935604e-03
 -2.5529468e-03
 -2.1190524e-01
  3.6701903e-02
  1.1326180e+00
 -2.5707034e-03
 -3.3688580e-03
 -2.9443605e+00
  2.5128915e+00
  4.1867132e-04
 -4.1668378e-03
 -2.2686217e-03
  2.6531756e-05
  6.9281342e-03
 -2.7012611e-03
  1.5167804e-02
 -6.2783953e-04
 -3.2558844e-05
  3.6699388e-03
  1.6260400e+00
  3.2677970e+00
 -6.4390428e-02
 -9.4706034e-03
 -4.1510022e-01
  1.2317805e+00
 -3.9262422e-03
 -2.6405491e-03
 -5.8378658e-04
  1.9843786e-03
 -4.2017250e-04
  3.0964825e-03
  7.0996006e-04
 -3.4884815e-03
  5.7242607e-04
 -5.3716768e-03
  1.5309790e-02
  5.6142822e-02
 -2.0506415e-03
  2.0617639e-01
 -2.8237739e+00
 -1.5014681e-01
 -3.0429144e-03
 -1.2195283e-01
 -1.1896972e-03
  6.8568549e-04
 -7.7716779e-04
  1.0326226e+00
  5.4468829e-03
 -4.3207602e-04
  1.4380506e-03
 -2.2600505e-01
  1.4359167e+00
  1.1089337e+00
 -2.2497492e-01
 -5.4515761e-01
 -3.8058150e+00
  9.9413067e-01
  4.0855331e-04
 -1.1792589e-03
 -1.0032036e-03
  1.1332800e-03
  3.9128289e-03
 -3.1424356e-03
 -1.0395702e-03
 -3.4515879e-03
 -5.8555044e-04
 -1.9469217e-03
  7.9336800e-02
 -6.7997640e-01
 -6.2910579e-03
  1.3200985e-03
 -2.3305113e+00
  9.9326932e-01
  1.3034855e-03
  3.0794591e-03
 -7.0615783e-03
  7.5261528e-03
  1.2286702e-03
  5.9258693e-04
  9.5067383e-04
 -6.7637595e-03
 -2.2945988e-03
  1.1556393e-03
 -4.9942359e-01
  5.5895442e-01
 -9.1378568e-03
 -4.8949598e-05
  1.4199514e+00
 -2.8141022e+00
  1.1920537e-03
 -4.1111225e-01
  9.0549438e-04
 -2.3134217e-04
 -9.6980131e-01
 -9.0816444e-05
  8.6740301e-06
 -5.1958679e-04
  2.9159824e-03
 -6.3165175e-03
  7.8155565e-01
 -4.3191215e-01
  3.5283607e-05
  7.0319039e-01
  3.5365447e-01
  1.3140872e+00
 -3.3824164e-03
 -1.0487923e-01
  8.6220790e-04
 -9.0639014e-03
 -1.0086546e-03
 -3.8006436e-02
 -3.3101686e-03
  5.0477064e-03
  8.3841023e-04
 -1.9879539e-02
  1.1201068e-03
 -1.1700478e+00
 -6.5835519e-03
 -1.6512643e-03
 -1.1257811e+00
  8.3070523e-01
  1.9986926e-05
  8.1570674e-04
 -3.2212303e-03
 -1.4366725e-03
  9.8075710e-02
 -1.4857545e-03
 -1.2701969e-03
 -1.4646646e-01
 -2.3810822e-03
  2.1927078e-01
 -9.7657964e-02
 -4.0392140e-01
 -5.7343538e-03
 -7.6389224e-03
 -1.3684963e+00
 -8.2751386e-02
 -9.4503420e-04
 -4.1864207e-03
 -1.2546183e-03
  4.7509547e-04
 -2.2887180e-03
 -1.1803464e-01
 -2.9601282e-02
 -1.2857016e-04
 -6.8464433e-03
 -1.1324320e-02
  4.2075356e-03
 -7.0479304e-02
 -4.1518435e-03
  7.7057391e-01
  6.6246587e-01
 -2.4794610e+00
  2.7354462e-03
 -3.9929420e-02
 -3.7855102e-04
 -1.8431597e-03
 -2.4207474e-03
 -1.3391379e-02
 -2.2117760e-04
  7.4556391e-03
  3.9012167e-03
 -2.6757228e-01
  8.5387373e-01
 -1.2657118e+00
  4.5064613e-03
  6.6494164e-03
  4.2083165e-01
  1.8977122e-01
  1.4005266e-03
 -1.2649124e-02
  2.8222648e-03
  6.5676216e-04
 -1.5626652e-03
 -1.0406708e-02
 -2.1450897e-03
 -5.1514469e-02
 -2.5530842e-03
 -6.2594744e-03
  2.0649673e-01
 -2.5716124e+00
 -7.7170390e-03
  4.0260595e-01
 -5.0280368e-01
  1.6474587e+00
  1.9844443e-01
  8.7507939e-01
 -5.1843840e-01
  4.1683024e-01
 -7.7484972e-03
 -1.4647913e+00
  6.7949921e-01
 -6.5983021e-01
 -5.3988970e-03
  3.0304533e-03
  3.3306590e-01
  5.1761586e-02
 -6.8370897e-01
 -4.4156650e-01
 -1.9376354e-01
  1.3890132e+00
  7.2046113e-03
  1.5248034e-04
 -3.4985589e-03
  2.6744351e-01
  5.2751391e-04
 -7.8926402e-01
  2.9980420e-04
 -1.2213802e-03
 -2.2247096e-03
  9.6220865e-06
  8.6851884e-03
  1.5709404e-04
 -5.4130530e-01
 -6.1912420e-03
 -1.1946591e+00
  2.1010756e+00
  1.4049050e-03
 -3.5586958e-03
 -5.1258672e-03
 -9.8941714e-02
  4.2324671e-01
  9.7176112e-02
  3.4323547e-03
 -6.2950533e-03
  3.9548557e-03
 -6.5063634e-03
 -7.5038098e-04
  1.6409364e-03
  1.3187701e+00
  1.0621823e+00
  3.2378994e-02
  1.8546821e-01
  4.4313788e-01
  8.4916216e-01
 -4.4562930e-01
  6.9505996e-01
 -1.2229963e-03
 -7.2126806e-01
 -3.4249344e-04
 -6.1835063e-01
 -4.8237578e-03
 -6.8092930e-05
  4.2688453e-01
  3.0383742e-01
 -5.6324512e-01
 -6.2306720e-01
 -1.2143273e+00
  9.0494186e-01
  5.0574639e-03
 -2.4976023e-04
 -4.7612764e-02
  5.5206770e-01
 -6.2125158e-03
 -1.4141930e+00
  8.8407296e-01
  1.2930823e-03
 -3.1462728e-04
  1.3332546e-02
 -7.4704265e-04
 -7.2468637e-04
 -1.6156477e+00
 -2.0141783e+00
 -1.4050306e+00
  1.4691478e+00
 -2.6896922e-03
  3.9903559e-03
  1.2558890e-03
 -2.5843492e-01
 -2.3374903e-04
 -5.0560510e-01
  3.9057841e-04
 -1.0419226e-01
  6.6182661e-01
 -6.1503111e-04
  4.0440389e-04
 -1.2359837e-01
  1.9243822e+00
  3.0933902e+00
  5.1892763e-01
 -1.7997131e+00
  9.0016240e-01
  1.0946567e+00
 -4.4897410e-01
  6.2249601e-01
 -2.9714810e-04
  2.9020640e-01
 -6.5032566e-01
 -2.6770219e-01
  9.5288432e-04
  7.6049417e-03
  4.4581109e-01
  7.9848015e-01
 -6.3428015e-01
  2.1847105e+00
 -5.3001183e-01
 -1.0786837e-01
 -3.2906282e-01
 -6.8007016e-01
 -2.8178582e-01
  8.7267682e-02
 -8.1949152e-02
 -1.6470745e+00
  1.0918187e+00
 -2.0841530e-03
 -2.0316218e-03
  1.1470924e-02
  1.4777795e-02
 -1.6618643e+00
 -1.1339295e+00
 -4.2905459e-01
 -4.6740550e-01
  5.7719987e-02
  8.7248904e-01
  1.0626637e+00
  1.3683695e-01
  4.6090540e-02
 -1.5501849e-03
 -5.4161716e-01
  9.1851377e-01
 -1.0612405e-02
 -1.3020526e-03
 -1.1763573e-03
  4.3458559e-04
 -9.7136980e-01
  1.3298708e-01
 -7.0304966e-01
  2.2804774e-01
  8.0770755e-01
 -1.0756926e-03
  3.0076171e-03
  3.6692221e-04
 -1.8388790e-03
 -1.6296639e+00
  8.4167862e-01
  3.3547384e-01
  2.2298634e+00
 -3.5663038e-01
  3.1256713e-03
 -5.7238233e-01
 -1.6670713e+00
  7.4811131e-01
 -1.8449980e+00
 -8.7802872e-02
  2.9426008e-01
 -7.1727717e-04
 -6.3883868e-04
 -1.7025824e-04
 -2.5136459e-03
 -1.0114617e-03
 -1.2634997e-03
  1.0814077e-03
  1.2369908e+00
 -7.1984396e-04
  1.1543104e-03
 -2.3525248e-03
 -1.6069949e-01
  1.7782531e+00
 -3.1398399e+00
  1.9232844e-01
  6.8605866e-04
 -3.4813795e-03
  1.0195258e-04
  7.1226381e-04
  4.8510423e-03
 -3.4386374e-03
  2.6597553e-03
  1.2522471e+00
 -1.3951071e-02
 -2.9363441e-03
 -7.2032580e-04
 -6.1917800e-01
 -2.2362681e-02
 -4.4685742e-01
  9.3881363e-01
  5.9963226e-01
  3.2672787e-03
  3.0599015e-03
 -6.5758859e-04
 -5.0527166e-04
  7.0788700e-04
  4.7639734e-01
  1.0248773e+00
  5.6337282e-02
  7.4787241e-01
 -1.3572748e-01
  3.2740568e-03
 -6.9891110e-02
 -4.7366491e-01
  8.6160779e-01
  1.0835729e-01
  1.4220297e+00
 -1.6352495e+00
 -1.3239071e-03
  3.9071627e-05
 -7.4078301e-03
 -6.5718172e-04
  2.4344684e-01
 -1.0662034e-01
 -1.2664197e-03
  3.2672188e+00
 -1.0851765e-03
 -7.1590744e-02
 -1.8672009e-03
 -2.1474451e-01
  2.5213718e+00
 -4.3027892e+00
 -2.0491967e-01
 -4.5801150e-03
 -3.4470178e-04
 -2.1241896e-03
  3.7624035e-03
  5.9772684e-04
 -1.3629055e-01
  1.2707503e-01
  2.6236004e-01
  4.5873071e-03
 -2.9052904e-01
 -5.2530672e-02
 -8.6537629e-01
 -1.2948920e-02
  4.5170051e-01
 -1.8053521e+00
 -1.1998969e-01
 -4.0555692e-01
 -2.2107188e-03
 -1.3238491e-04
  5.1984692e-04
  2.4576900e-03
 -3.8662595e-01
  2.8594515e+00
  7.1679377e-03
  3.4650797e-01
 -1.2107645e-03
  3.3644468e-01
  2.2659681e-03
 -4.7190547e-01
  2.6689747e-03
  8.5542994e-03
  5.5946797e-01
 -1.2794751e-01
 -5.9875927e-04
 -1.8491150e-03
  3.4899549e-03
 -1.8493994e-03
  2.0290141e-01
 -6.7744726e-01
  3.2702973e-03
  3.7950283e-01
 -4.6817571e-02
 -1.0927059e-03
  3.0354371e-02
 -1.8013969e-01
  8.5601389e-01
  2.2190230e-02
  7.3969239e-01
 -1.9392154e-01
 -8.0730900e-04
  7.6216091e-03
 -4.0252307e-05
 -1.8903976e-03
 -6.5501130e-01
 -3.2603920e-01
  1.8385188e-01
  1.1193590e+00
 -5.7079200e-02
 -3.6787897e-01
 -2.2663164e-01
 -1.7075540e-01
  3.4279912e+00
 -3.1115424e-02
  1.3994712e-01
  1.4628462e-01
  2.3047836e-05
 -5.2720028e-01
  5.1135215e-04
  4.6544865e-01
 -5.5023711e-02
 -4.8105925e-01
  9.6648723e-02
  2.9973567e-03
 -9.0855698e-04
 -7.1375173e-01
 -8.7880508e-05
 -1.0104363e-01
  1.6946287e+00
  6.9435585e-01
  1.9181515e+00
  1.9259207e+00
  5.4306770e-04
  2.2596978e-03
  1.0135621e-03
  1.3022495e-02
 -1.1846721e-04
 -4.0399954e-01
  4.5532840e-03
  3.7812535e-02
  4.3306774e-03
 -5.6679134e-04
  9.6084103e-03
 -3.6549619e-03
  4.4948929e-03
  3.1196165e-01
  2.4669379e-02
 -4.1725591e-01
 -4.6399418e-05
 -2.3946924e-02
  1.7838791e-03
 -5.3416593e-03
 -7.7743833e-03
  2.2319297e-01
  1.3069890e-02
 -5.4900426e-01
  2.2765108e-04
 -1.5185362e-03
 -2.9877801e-03
 -4.2325044e-01
  5.7213684e-03
 -4.2010185e-01
  7.9601116e-02
 -1.0237565e+00
 -1.1616378e-03
 -4.8488507e-01
 -3.0439961e-01
  4.0109029e-01
 -4.3870914e-03
  2.2038805e-01
 -1.4621216e-05
 -1.5883542e-03
 -4.3655653e-04
 -1.3753942e+00
  5.0780155e-02
 -2.7652280e-04
  1.0888609e+00
  1.7433372e+00
  1.0485823e+00
 -1.6076514e+00
  1.2403530e-03
 -3.1933787e-03
 -1.6791095e-03
  2.7081680e-01
 -4.3628538e-01
 -2.7385161e+00
 -5.5625656e-04
  8.9248991e-01
 -1.7584239e-03
 -1.6268349e-01
  1.5599551e-03
 -5.4848629e-01
  6.2610519e-01
  2.4822062e-01
 -4.2140776e-01
  1.2539093e-03
  9.3912159e-04
 -1.9479132e-01
 -1.4718777e-03
  8.0954249e-04
  2.1317441e-02
  4.6441101e-02
  6.4232950e-03
 -6.1168492e-01
 -3.5037065e-03
 -5.5935159e-03
 -1.9447237e-01
 -1.9763630e-02
  6.8586022e-03
 -9.1697332e-03
 -1.4358470e+00
  3.2781526e-02
  1.3081895e-03
 -5.8819908e-01
 -2.8337222e-03
  2.4493510e-01
  4.1056219e-03
  4.3407798e+00
 -2.5191459e-01
  4.3745726e-01
 -3.2381723e-03
 -4.5826581e-01
  2.8822002e-01
  3.8813818e-01
  3.2984775e-01
  9.1290247e-01
  3.5988665e-01
 -1.2408748e+00
  1.0104195e-03
 -2.9366806e-03
  5.0756050e-04
  3.3196870e-02
 -8.9288551e-01
  3.1498075e-01
  2.1424684e-01
  1.9204901e-01
  5.3047594e-03
 -2.3848598e-01
  4.1767776e-02
 -9.4660497e-01
  1.1072875e+00
  1.4067420e-01
  1.3826540e+00
 -3.1810296e-01
 -2.4203653e-05
 -1.0072377e-01
 -5.2740714e-03
  1.2117654e-01
 -1.3120160e-03
 -3.3914297e+00
 -9.3751037e-03
  1.0913858e-03
  1.2712897e-03
 -3.6637744e-04
 -1.1013556e-01
 -2.6231746e-03
  7.3047769e-01
 -3.7277262e-03
  9.3615717e-01
 -2.3840064e-02
  8.6672822e-05
  1.2579603e-01
 -3.2522748e-03
 -1.0108326e-01
 -1.4887474e+00
  2.2705129e-01
 -1.7635077e-03
 -9.7645185e-04
 -3.7617091e-02
  8.8503869e-04
  1.4993648e-01
 -7.8245610e-01
 -2.2246940e-01
 -5.2147663e-01
 -1.2241484e+00
  1.1996666e+00
 -1.0419306e-03
  7.7869862e-02
 -5.7579628e-03
 -2.4477008e-04
 -1.9338910e-01
  5.5623692e-01
 -2.8302984e-03
  1.2066887e-03
 -1.0562740e-05
 -6.0913735e-03
  2.9772520e-05
 -1.3545726e-01
  4.0733372e-03
 -3.7218214e-03
 -8.1717855e-01
 -4.2163508e-04
 -1.1569391e-04
 -3.5498828e-01
 -6.7048118e-04
 -4.6394428e-04
 -8.2159106e-04
 -1.2916131e+00
 -5.6205536e-03
 -9.9236635e-04
 -8.9099497e-04
 -9.5350138e-04
 -2.6201533e-05
 -1.8987380e-04
 -5.8679271e-01
 -3.8164017e-01
  5.7322580e-02
  8.2116772e-04
 -4.0488370e-02
 -3.0141559e-01
 -1.0786169e-01
 -4.6596494e-01
 -1.9700658e+00
  5.8704531e-01
  3.5936784e-03
 -3.1758046e-03
 -1.1730440e-03
 -4.3706803e-04
  7.2190094e-01
 -2.2826707e-01
 -2.5535528e-02
 -1.3225971e-01
 -1.5668908e+00
  1.0551679e+00
  1.7575318e-02
  8.2144415e-01
 -1.7913309e-03
  2.2965781e-03
 -2.9074808e-03
  1.7361933e+00
  3.8565078e-03
  9.3645006e-03
 -2.4468938e-03
 -1.3041438e-03
 -3.8348087e-03
 -2.7036217e-01
  9.0447105e-02
  6.8661710e-03
 -1.1028440e-01
 -1.3118198e+00
 -1.3540176e-04
 -2.9495972e-01
 -6.1038593e-03
  2.9506028e-01
 -1.5602082e-01
 -2.0371048e+00
 -1.3946417e-01
 -1.2238486e-03
 -4.0630773e-02
  8.1801070e-03
  2.1421170e-01
  1.2247552e-01
 -2.3183630e-01
 -8.0371028e-01
  7.7047378e-02
  6.1687988e-01
 -3.1898668e-01
 -7.4848491e-01
 -1.7020494e-01
 -1.0614899e+00
 -8.4862858e-01
  7.4928200e-01
  2.2958851e-01
  5.1892229e-04
  4.7754747e-05
  4.1441983e-03
  6.2069386e-01
 -2.9407832e-01
 -2.0961592e-03
 -1.2620822e+00
 -6.6036004e-01
 -1.3574751e-01
  5.4520172e-01
  1.7934314e+00
  2.2756311e-03
 -1.4763413e-01
 -4.6619982e-04
  1.3370101e+00
 -5.7924312e-04
  2.6648763e-01
 -5.9302652e-04
 -6.2672272e-03
  5.6838547e-04
 -4.6752518e-01
 -2.1665993e-01
  2.3139452e-03
 -1.2638710e-02
 -9.9476677e-01
 -4.7172961e-01
 -6.9735378e-02
 -8.6267275e-04
  5.7450211e-01
 -5.1151550e-01
  2.6357415e-01
 -2.0503733e-01
 -1.7479304e-02
 -3.7426453e-03
 -2.2498476e-04
  5.1841274e-02
  4.9636930e-01
  2.1545380e-02
  3.9952048e-03
 -6.4199306e-02
 -4.1222677e-01
  2.7143046e-01
  2.1949674e-01
 -8.4746676e-03
 -9.7579160e-04
  5.8591539e-01
  2.1567791e+00
  8.9955732e-02
  3.4579556e-03
 -2.1143226e-01
  4.5249369e-02
 -1.1674805e+00
  9.9509126e-01
  6.0634106e-01
 -2.5982810e-03
  6.7350489e-01
 -5.7389617e-01
  1.1492951e-02
  2.6218268e-01
 -1.5373490e-03
  4.4886059e-01
  1.5722711e+00
  1.1424266e+00
  4.1218544e-03
  1.0808764e-01
  2.2698012e-03
 -3.3319090e-02
 -5.3616810e-01
  2.1656470e+00
  1.2086550e-03
  1.9212438e-03
 -2.4185157e-01
 -1.8903304e+00
 -1.2367972e-01
 -4.2004484e-01
 -6.3686133e-03
 -1.1967417e+00
 -1.8487803e+00
 -2.2409921e+00
 -2.7654180e-04
 -3.7340155e-01
 -7.3448643e-03
  3.2576883e-01
  1.2086058e+00
 -2.4283877e-01
  8.4648746e-01
  9.9359069e-04
  6.8617463e-02
  1.2959725e-01
  8.9727479e-01
  2.4983051e-01
 -6.1726414e-02
 -1.0340301e-03
  1.6948127e+00
  1.2514759e+00
  1.4975917e-01
  7.1310252e-01
 -3.3965549e-01
  5.6042369e-02
 -4.6489197e-01
 -1.8730201e-02
  7.0154006e-03
 -1.3184669e+00
 -3.2832921e-01
 -8.1489980e-01
 -9.5326878e-04
  1.5294027e+00
 -2.3187599e-03
  1.3706861e+00
  3.8092260e+00
  2.3124242e+00
  1.7840201e-01
  3.6246848e-01
  1.3751794e-03
 -6.5624774e-01
 -1.3440331e+00
  1.5208116e+00
  5.4220238e-04
  4.1779217e-01
  5.9792906e-01
 -2.1144915e+00
 -5.0411630e-01
 -1.3896616e+00
 -2.1458842e-01
 -7.1324635e-01
 -1.6467786e+00
 -1.3803653e+00
  2.8356126e-01
 -1.0276301e+00
 -2.4158044e-01
  3.3949080e-01
  9.5077622e-01
  1.1541381e+00
  3.7537977e-01
  3.3475745e-01
  3.5463026e-01
  1.0213788e+00
  1.6380339e+00
  2.1866105e-01
  3.0104786e-01
 -5.7097954e-01
 -5.9641075e-01
 -1.4890280e-01
  1.2677819e+00
  6.9063789e-01
 -1.3206151e-03
  5.1780206e-01
 -4.0163931e-01
 -1.4146348e-02
  7.8996444e-01
 -9.5945185e-01
  7.1307987e-01
  2.9483804e-01
 -2.3581681e-01
  1.5406258e+00
 -3.3051524e-01
  5.8511615e-01
  3.9820950e+00
 -1.6212457e-01
  2.3382322e-01
  1.1821085e+00
 -5.3506169e-02
 -5.9043121e-01
 -1.5485035e+00
 -5.0774604e-01
 -5.3525320e-04
  4.7299410e-03
  3.4185775e-02
 -1.7799084e+00
 -2.4039234e-01
 -2.4592111e-01
 -1.9227789e-04
  1.2133677e+00
  2.9796374e+00
  1.1797055e+00
 -7.7121862e-04
  1.1917499e-02
 -1.8638469e-02
 -7.0666009e-01
 -3.9674810e-01
 -9.0163398e-01
 -3.4967890e-01
  6.1748785e-01
 -1.6381541e-01
 -8.0808455e-01
 -6.6888982e-01
  3.2801710e-03
 -2.8830254e-01
 -1.2453367e-01
  2.0811417e+00
 -3.9946261e-01
  6.8175174e-02
  2.5403380e-01
  3.6283669e-01
 -2.5336442e-03
  6.0116249e-01
  1.2905283e+00
 -4.3288685e-04
 -3.0130380e-01
 -4.1632988e-03
 -2.3721509e+00
  5.5896370e-03
  1.6718216e-03
 -7.6400902e-04
 -3.6969551e-04
  4.1957957e-01
  1.1471531e+00
  3.4868680e-02
 -1.2153281e-01
  1.8425167e-02
 -7.5226143e-04
  1.2445549e-02
  1.6086612e+00
 -1.9471945e-01
  5.3088982e-03
 -4.9697270e-04
 -9.7094858e-01
 -6.1592305e-01
  2.6106359e-03
 -1.3233278e-03
 -1.1051995e-01
 -3.1059057e-01
 -2.1260126e+00
 -1.1734718e-01
 -9.7422957e-01
 -1.2825610e-04
  5.7419983e-04
 -6.5145157e-02
 -1.7271649e+00
  4.3039448e-03
 -1.0891375e-01
 -2.0938572e-03
  1.5355186e+00
 -9.4107762e-03
  3.7754808e-02
 -9.2432499e-02
  1.8328044e-01
  9.6885788e-01
  2.4405336e+00
  5.2371812e-01
  4.5615551e-01
  1.5572307e-01
 -2.3812398e-01
 -7.3743296e-01
 -1.5034047e+00
  5.6486034e-01
  1.5997871e+00
  1.6175368e+00
 -2.6974422e-01
  9.3641161e-04
 -3.5383275e-01
  5.2134343e-04
 -2.4694197e-01
 -3.5711192e-03
  3.0534010e+00
  1.3540171e-02
  2.5955837e+00
  1.3536336e-01
 -1.3192099e-01
 -1.0462458e-01
  2.8934932e+00
 -1.3559787e+00
 -5.8899897e-01
 -6.9299257e-01
 -3.0656525e-01
 -1.7855513e+00
  4.8491303e-02
 -7.9877727e-04
 -7.9765719e-01
 -1.0518562e-02
 -1.7786376e+00
 -4.5556539e-01
 -2.7541572e-01
 -2.9026106e-01
  7.7573643e-03
 -7.7459750e-05
  3.2499855e+00
 -1.4044993e+00
 -3.3381124e+00
 -3.8168454e-01
  8.3418781e-01
  9.6635765e-01
  2.9186437e-01
 -9.0513244e-02
  4.7142392e-01
  3.2778993e+00
  9.4416851e-01
  7.7360636e-01
 -1.0036526e+00
  9.2910320e-01
 -1.3809434e-01
  4.6034527e-01
 -5.4907918e-01
  3.9532715e-01
  1.6899292e-01
  8.7447280e-01
 -3.3679342e-01
 -8.6881238e-01
 -2.4695435e-01
  1.0451953e-03
  3.8527970e-03
 -1.3359038e+00
  2.5915983e+00
  5.1081443e-01
  3.4695816e-01
  2.9750699e-03
 -1.2067448e-01
 -2.1994216e-02
 -2.8546090e+00
  1.1368756e+00
  1.9561831e+00
  1.0340363e+00
 -7.1705401e-01
 -1.6439987e+00
 -1.1771534e-02
 -7.0808455e-04
 -9.9920392e-01
  5.5815715e-05
  3.9916706e-01
 -1.5623009e-01
  8.9706010e-01
 -5.4381460e-01
  7.7318838e-03
 -2.5166652e-01
 -1.3405718e+00
 -8.8666916e-01
 -6.7904852e-02
  8.3652005e-02
 -1.4933904e+00
 -1.3447869e-01
 -2.7613153e-03
  6.7628227e-02
  4.8823914e-01
 -1.0411587e+00
  1.9584425e-01
  1.3873916e+00
 -1.1812905e+00
 -1.2391022e-02
  7.2792536e-01
 -2.3679717e-01
  1.8596356e+00
 -3.0497501e+00
 -1.0259030e+00
  1.1418440e+00
  8.0768460e-01
 -1.4302429e-03
  1.4050181e-03
  9.2433463e-04
  1.5150943e-01
 -1.1219732e+00
 -7.7057451e-02
  4.1859019e-01
 -1.2788477e-03
  1.5607682e-03
  7.9812057e-02
 -2.5901508e-03
  8.5993350e-01
 -1.3093984e+00
 -1.2408843e+00
 -7.5210660e-04
 -3.4089538e-03
  1.4568890e-03
  6.8105193e-04
  4.8198043e-03
 -3.2872403e-01
  7.3130183e-02
  1.7203043e-03
 -7.9628325e-04
  2.2259541e-01
 -1.6835439e-03
 -1.9338083e-02
 -5.6640732e-01
 -1.6987706e-02
  3.4093314e-01
 -1.0602752e-03
 -4.5114015e-03
  2.1183947e-01
 -6.0867798e-02
  5.4796129e-03
  1.1306571e-01
  6.7715704e-01
 -2.1246486e+00
 -2.4210930e+00
  3.1745653e+00
 -1.0552039e+00
 -4.3720095e-03
  1.0247155e+00
 -1.6469920e-01
 -6.6130358e-01
  1.1035949e+00
  1.8714885e-01
 -1.3674213e-01
  9.3689460e-01
 -2.7765131e-03
 -1.6757341e-02
 -3.4378266e-03
  1.0265549e+00
 -9.4210458e-01
 -3.8121390e-01
  7.8340346e-01
  1.4526448e-01
  7.2806334e-04
  2.6750219e-01
 -1.5655117e-03
  4.8733595e-01
 -1.3061858e+00
 -1.0023915e+00
 -1.9688800e-01
  6.1283082e-02
 -8.2323393e-03
  5.6028739e-02
  9.8745130e-02
 -1.4725228e-01
 -2.1453956e-03
  3.8046208e-01
  5.3820346e-04
  3.4495932e-04
 -5.0624467e-02
 -5.7322156e-01
 -3.5815394e-01
  2.7749564e-03
 -2.0662169e+00
 -3.0679245e+00
 -5.1289892e-01
  1.0662744e+00
 -1.6714871e-04
  2.5589045e-03
  3.9092232e-03
 -3.3361554e-01
 -1.6333314e+00
 -9.0280265e-01
  2.3405135e+00
 -6.4507502e-01
 -1.9973705e-03
  1.4304326e+00
 -3.5014167e-01
  1.0124360e+00
  1.3601878e-01
 -1.2740871e+00
 -6.0828662e-01
 -1.8418033e+00
  6.1542244e-04
 -1.0528621e-02
  7.1783224e-04
  1.1355672e+00
 -1.5538238e+00
 -8.8237149e-01
  1.7323183e+00
  4.3486151e-01
  6.6160632e-04
  8.3719909e-01
  3.1552383e-01
  9.1467005e-01
  1.7902689e+00
  2.5577335e+00
 -4.0322315e-02
 -1.0385954e-01
 -2.9920420e-01
 -1.6885886e-03
  1.9566104e-01
  2.0289907e+00
 -1.5665184e+00
  1.2440519e+00
  7.5474203e-02
 -1.3009192e-01
 -1.3155915e-03
 -5.0585610e-01
  5.6875974e-01
  9.1401255e-01
 -3.5375389e-01
  2.3616955e+00
  2.2312920e-03
  3.2773007e-02
  8.2918066e-01
  5.7582551e-01
  9.7486205e-02
  4.7982764e-01
  9.4257927e-01
 -1.2727834e-01
  1.7480057e+00
 -1.2185606e+00
 -1.8819349e-01
  6.0981327e-01
  3.8147536e-01
 -1.5868728e+00
  7.0186728e-01
  4.0697715e-01
  6.2455201e-01
  1.1070346e+00
  1.8806245e-04
  4.7728136e-01
  1.3638635e-03
  1.1559262e-01
  5.4706506e-02
 -7.3857170e-01
  1.1276930e-01
 -4.7493982e-01
 -4.8893373e-03
  2.0344619e-02
 -1.3590540e-03
  7.3472279e-01
  3.1596893e-01
  4.5244023e-04
  9.5420432e-01
  1.6550350e-01
  1.3500258e-02
 -7.8623247e-01
 -6.4631761e-04
 -4.4804327e-03
  2.7706584e-01
  5.3878689e-01
  3.8531276e-03
 -1.8237383e+00
 -1.7652354e-03
  4.0852809e-03
  2.4321292e-02
 -2.5893277e-01
 -4.7217388e-02
 -1.1215142e-03
 -2.6740186e+00
 -6.1426574e-01
  5.6369472e-01
  9.8865181e-01
  5.7089407e-02
  3.7832654e-01
  1.3818375e+00
 -1.2478528e+00
  1.3675039e+00
 -1.1370748e+00
 -4.1812994e-03
  6.3138986e-01
 -5.5213910e-01
 -1.1795807e-02
  9.2306799e-01
  1.1624671e+00
 -1.8094984e+00
  2.5103715e-01
  3.8858193e-01
  1.2716044e+00
  2.3869835e-03
  1.8205370e-01
  2.2803275e-01
 -2.6360199e+00
  6.2714696e-01
 -7.5529225e-02
  5.3473120e-03
  2.5817990e-01
  7.7713362e-04
  3.1770108e+00
  7.9034764e-01
  7.0077460e-04
  2.0159960e+00
  1.8634726e-01
  8.5958345e-03
 -1.3048991e+00
 -2.7079752e-03
  1.7790709e-02
  7.3504382e-01
 -6.8744704e-02
  1.4964546e-02
 -1.9608772e-01
 -3.6447501e-04
 -4.6294653e-03
  2.4270444e-01
  8.0396986e-01
 -4.3810925e-01
 -3.1447747e-01
  1.4544605e+00
 -7.7103817e-01
  1.5323131e-01
  1.4636328e+00
  2.8680617e-01
  5.6834078e-01
  5.8818573e-01
  7.1964020e-01
  1.2721056e-01
 -8.1426316e-01
 -3.4782225e-03
  6.7266262e-01
  2.6240799e-01
 -5.4560149e-01
  1.8113934e-01
  1.1726162e+00
  4.0655920e-01
  1.6192136e-02
  1.4608309e+00
 -3.4818873e-02
 -5.7200115e-04
 -6.2363446e-03
  2.5565610e-03
  1.7640789e+00
  3.4585065e-01
 -5.3229034e-03
 -3.0387478e-04
  1.5709980e-01
 -5.1131070e-04
 -5.6057465e-01
  5.6574780e-02
  1.8271591e-01
  2.9914558e-01
  9.7312891e-01
 -4.8331004e-01
  4.8096201e-01
 -2.3627117e-02
  1.5404341e-01
  2.3763373e+00
 -1.4300920e+00
  1.0211368e+00
  1.3479353e+00
 -3.3211504e-04
 -2.5556288e-03
  7.8153171e-02
  9.6046621e-01
  2.7405769e-01
 -2.0970990e-01
  9.3737274e-01
  6.1256444e-01
 -8.5501510e-01
 -2.0874813e-01
  4.5277228e-04
 -1.5778693e-03
  6.3440919e-01
  7.7863288e-01
  5.5497470e-03
  2.7843112e-01
  1.3667340e-03
  1.0233699e+00
  8.9903820e-01
  2.2565821e-01
  1.8935957e+00
  5.5130064e-01
  9.8294121e-01
  6.4078331e-01
 -1.2807330e-01
 -1.9402979e-02
  5.4632471e-04
 -8.1696990e-04
  9.3235885e-04
  6.8476009e-01
  1.8192615e-03
  1.3040541e-01
 -3.1161238e-03
  1.5384166e-03
  4.5165807e-04
  3.6432064e-01
  4.8893392e-01
 -6.3869695e-04
 -1.3910183e+00
  7.6639322e-03
  7.6045673e-03
 -5.7088065e-01
  1.4487203e-03
 -7.5634458e-04
  1.2792540e-02
 -2.5390023e-01
  2.7973502e-04
  2.3381729e-02
 -2.0748193e-03
  1.1764899e-01
  4.1771796e-01
 -3.3046836e-01
 -2.9912149e-04
  5.6699459e-02
  9.2503184e-01
 -1.7222174e-03
 -1.4939373e+00
  5.1823574e-01
  1.0567181e-03
  1.4833866e-03
  7.3394984e-01
  2.8467331e+00
 -1.7541193e+00
  1.1586425e+00
 -4.3358718e-04
  1.0779741e+00
  6.5780014e-01
  1.1228869e+00
  2.7273445e+00
  6.7158943e-01
 -8.6368479e-02
  1.5756395e+00
 -1.1493441e-01
  8.1098014e-03
 -5.2893645e-04
 -6.3953258e-04
  6.2864431e-04
  2.8175185e+00
 -8.1862919e-02
  8.3816171e-01
 -1.2710862e-03
  5.6113186e-03
 -1.6138263e-03
  8.4169108e-01
  2.5017018e+00
 -4.7704574e-01
 -1.5495844e+00
  6.3265070e-02
  2.3157746e-01
 -2.0096052e-01
 -2.8337845e-01
  1.8797271e-01
  1.6347414e-01
 -1.4477036e+00
 -3.8281849e-03
 -6.3422835e-03
 -3.7803978e-04
  2.8343696e-02
  5.9352082e-01
 -3.6166653e-01
 -3.1646666e-01
  8.9367724e-04
 -9.1487598e-01
 -1.5275861e-01
 -6.9511557e-01
 -2.9487767e+00
  1.6917044e-02
 -7.3116837e-04
  2.5375873e-01
  9.2034537e-01
  2.5779140e-01
  1.0235819e+00
  8.2962839e-03
  7.4449050e-01
  6.1038349e-02
 -2.1356583e-01
  1.2129573e+00
  1.8319671e+00
 -9.1512090e-01
 -5.1399028e-01
  1.5733704e-01
 -3.4005952e-01
 -9.7737349e-05
 -4.7973740e-01
 -5.1170230e-01
 -5.5891827e-02
 -5.3438365e-01
  8.2013369e-01
  4.8242174e-03
  3.3902708e-03
  1.4993332e-03
  1.5296830e+00
 -2.3181935e-01
  1.8782806e+00
 -1.6910598e-01
 -4.3486387e-01
 -2.0551754e-02
  1.9238842e+00
 -1.0304604e-01
  3.2015473e-01
  1.3852682e+00
 -1.6481645e+00
  1.3739479e-02
  7.3112510e-02
  1.0203320e-03
 -1.5091516e-04
  9.8074770e-01
  7.4294525e-01
 -1.4301020e-02
 -3.5570353e-01
 -8.0210060e-01
 -6.6942000e-01
  1.0454838e-02
  1.0454838e-02
  1.0454838e-02
  1.0454838e-02
  1.0454838e-02
  1.0454838e-02
  1.0454838e-02
  1.0454838e-02
  1.0454838e-02
  1.6819235e-02
  1.6819235e-02
  1.6819235e-02
  1.6819235e-02
  1.6819235e-02
  1.6819235e-02
  1.6819235e-02
  1.6819235e-02
  1.6819235e-02
  1.5916815e-02
  1.5916815e-02
  1.5916815e-02
  1.5916815e-02
  1.5916815e-02
  1.5916815e-02
  1.5916815e-02
  1.5916815e-02
  1.5916815e-02
  8.0390368e-03
  8.0390368e-03
  8.0390368e-03
  8.0390368e-03
  8.0390368e-03
  8.0390368e-03
  8.0390368e-03
  8.0390368e-03
  8.0390368e-03
  6.4974879e-03
  6.4974879e-03
  6.4974879e-03
  6.4974879e-03
  6.4974879e-03
  6.4974879e-03
  6.4974879e-03
  6.4974879e-03
  6.4974879e-03
  5.2958699e-03
  5.2958699e-03
  5.2958699e-03
  5.2958699e-03
  5.2958699e-03
  5.2958699e-03
  5.2958699e-03
  5.2958699e-03
  5.2958699e-03
